address,chain,symbol,target_percentage,entry_date_time,next_market_open,market_entry_date_time,vwap,post_cumulative_share_count,realized_profit,long_realized_profit,short_realized_profit,prior_portfolio_value,current_position,prior_position_value,cash_used,share_count,prior_cumulative_share_count,adjusted_entry
0xA9f484902d2905e4d95513C4e7d06CA08211bd4b,MATIC,AAL,0.01,2022-08-10 19:29:52,2022-08-10 13:30:00,2022-08-11 13:00:00,15.234905,6.5638742086018915,-0.9379119856671211,-0.9379119856671211,0.0,10000.0,100.0,0.0,-100.0,6.5638742086018915,0.0,0
0xA9f484902d2905e4d95513C4e7d06CA08211bd4b,MATIC,AMZN,0.01,2022-08-10 19:29:52,2022-08-10 13:30:00,2022-08-11 13:00:00,143.593464,0.6964105274318056,-1.987088353826468,-1.987088353826468,0.0,10000.0,100.0,0.0,-100.0,0.6964105274318056,0.0,0
0xA9f484902d2905e4d95513C4e7d06CA08211bd4b,MATIC,INZY,-0.02,2022-08-10 19:29:52,2022-08-10 13:30:00,2022-08-11 13:00:00,3.57,-56.022408963585434,7.794173669467767,0.0,7.794173669467767,10000.0,-200.0,0.0,200.0,-56.022408963585434,0.0,0
0xA9f484902d2905e4d95513C4e7d06CA08211bd4b,MATIC,ADTX,0.01,2022-08-10 19:29:52,2022-08-10 13:30:00,2022-08-11 13:00:00,0.1608,621.8905472636816,4.477611940298515,4.477611940298515,0.0,10000.0,100.0,0.0,-100.0,621.8905472636816,0.0,0
0xA9f484902d2905e4d95513C4e7d06CA08211bd4b,MATIC,ADVM,-0.02,2022-08-10 19:29:52,2022-08-10 13:30:00,2022-08-11 13:00:00,1.573049,-127.14162114466873,8.06917012756755,0.0,8.06917012756755,10000.0,-200.0,0.0,200.0,-127.14162114466873,0.0,0
0xA9f484902d2905e4d95513C4e7d06CA08211bd4b,MATIC,AGLE,0.01,2022-08-10 19:29:52,2022-08-10 13:30:00,2022-08-11 13:00:00,0.483493,206.82822708912022,5.756029559890209,5.756029559890209,0.0,10000.0,100.0,0.0,-100.0,206.82822708912022,0.0,0
0xA9f484902d2905e4d95513C4e7d06CA08211bd4b,MATIC,ALNA,0.01,2022-08-10 19:29:52,2022-08-10 13:30:00,2022-08-11 13:00:00,0.131097,762.793961722999,-7.488348322234676,-7.488348322234676,0.0,10000.0,100.0,0.0,-100.0,762.793961722999,0.0,0
0xA9f484902d2905e4d95513C4e7d06CA08211bd4b,MATIC,ALRN,0.01,2022-08-10 19:29:52,2022-08-10 13:30:00,2022-08-11 13:00:00,0.21,476.1904761904762,1.057619047619048,1.057619047619048,0.0,10000.0,100.0,0.0,-100.0,476.1904761904762,0.0,0
0xA9f484902d2905e4d95513C4e7d06CA08211bd4b,MATIC,AMD,0.01,2022-08-10 19:29:52,2022-08-10 13:30:00,2022-08-11 13:00:00,100.194819,0.9980555980644069,0.5005717910424112,0.5005717910424112,0.0,10000.0,100.0,0.0,-100.0,0.9980555980644069,0.0,0
0xA9f484902d2905e4d95513C4e7d06CA08211bd4b,MATIC,COGT,-0.02,2022-08-10 19:29:52,2022-08-10 13:30:00,2022-08-11 13:00:00,14.13379,-14.15048617532877,5.69953282169892,0.0,5.69953282169892,10000.0,-200.0,0.0,200.0,-14.15048617532877,0.0,0
0xA9f484902d2905e4d95513C4e7d06CA08211bd4b,MATIC,APPS,0.01,2022-08-10 19:29:52,2022-08-10 13:30:00,2022-08-11 13:00:00,23.599813,4.2373217109813535,-2.267640849527071,-2.267640849527071,0.0,10000.0,100.0,0.0,-100.0,4.2373217109813535,0.0,0
0xA9f484902d2905e4d95513C4e7d06CA08211bd4b,MATIC,AXLA,-0.02,2022-08-10 19:29:52,2022-08-10 13:30:00,2022-08-11 13:00:00,2.342647,-85.3735112460392,-0.0,0.0,-0.0,10000.0,-200.0,0.0,200.0,-85.3735112460392,0.0,0
0xA9f484902d2905e4d95513C4e7d06CA08211bd4b,MATIC,BDSX,-0.02,2022-08-10 19:29:52,2022-08-10 13:30:00,2022-08-11 13:00:00,2.64,-75.75757575757575,8.333333333333357,0.0,8.333333333333357,10000.0,-200.0,0.0,200.0,-75.75757575757575,0.0,0
0xA9f484902d2905e4d95513C4e7d06CA08211bd4b,MATIC,BIMI,0.01,2022-08-10 19:29:52,2022-08-10 13:30:00,2022-08-11 13:00:00,0.526459,189.94831506347123,-3.3163076326931447,-3.3163076326931447,0.0,10000.0,100.0,0.0,-100.0,189.94831506347123,0.0,0
0xA9f484902d2905e4d95513C4e7d06CA08211bd4b,MATIC,CAPR,-0.02,2022-08-10 19:29:52,2022-08-10 13:30:00,2022-08-11 13:00:00,4.77,-41.928721174004195,-19.336058700209655,0.0,-19.336058700209655,10000.0,-200.0,0.0,200.0,-41.928721174004195,0.0,0
0xA9f484902d2905e4d95513C4e7d06CA08211bd4b,MATIC,CAR,0.01,2022-08-10 19:29:52,2022-08-10 13:30:00,2022-08-11 13:00:00,190.899837,0.5238349155845534,-2.586384083711915,-2.586384083711915,0.0,10000.0,100.0,0.0,-100.0,0.5238349155845534,0.0,0
0xA9f484902d2905e4d95513C4e7d06CA08211bd4b,MATIC,CDK,0.01,2022-08-10 19:29:52,2022-08-10 13:30:00,2022-08-11 13:00:00,0.0,0.0,0.0,0.0,0.0,10000.0,0.0,0.0,0.0,0.0,0.0,0
0xA9f484902d2905e4d95513C4e7d06CA08211bd4b,MATIC,CDLX,0.01,2022-08-10 19:29:52,2022-08-10 13:30:00,2022-08-11 13:00:00,16.834706,5.94010967580901,-1.3644788331913855,-1.3644788331913855,0.0,10000.0,100.0,0.0,-100.0,5.94010967580901,0.0,0
0xA9f484902d2905e4d95513C4e7d06CA08211bd4b,MATIC,CFRX,0.01,2022-08-10 19:29:52,2022-08-10 13:30:00,2022-08-11 13:00:00,0.290679,344.02209997970266,6.646850993707827,6.646850993707827,0.0,10000.0,100.0,0.0,-100.0,344.02209997970266,0.0,0
0xA9f484902d2905e4d95513C4e7d06CA08211bd4b,MATIC,INTU,0.01,2022-08-10 19:29:52,2022-08-10 13:30:00,2022-08-11 13:00:00,481.076061,0.20786733763499407,0.2695397059052601,0.2695397059052601,0.0,10000.0,100.0,0.0,-100.0,0.20786733763499407,0.0,0
0xA9f484902d2905e4d95513C4e7d06CA08211bd4b,MATIC,AAPL,0.09822788001008319,2022-08-10 19:29:52,2022-08-10 13:30:00,2022-08-11 13:00:00,170.066153,5.775862996682425,1.137417596484629,1.137417596484629,0.0,10000.0,982.2788001008319,0.0,-982.2788001008319,5.775862996682425,0.0,0
0xA9f484902d2905e4d95513C4e7d06CA08211bd4b,MATIC,CORN,0.07562389715149988,2022-08-10 19:29:52,2022-08-10 13:30:00,2022-08-11 13:00:00,25.294545,29.89731467852056,0.0,0.0,0.0,10000.0,756.2389715149988,0.0,-756.2389715149988,29.89731467852056,0.0,0
0xA9f484902d2905e4d95513C4e7d06CA08211bd4b,MATIC,ENDP,0.01,2022-08-10 19:29:52,2022-08-10 13:30:00,2022-08-11 13:00:00,0.408451,244.8274089180832,-7.743156461852221,-7.743156461852221,0.0,10000.0,100.0,0.0,-100.0,244.8274089180832,0.0,0
0xA9f484902d2905e4d95513C4e7d06CA08211bd4b,MATIC,CRWD,0.04554323166120494,2022-08-10 19:29:52,2022-08-10 13:30:00,2022-08-11 13:00:00,204.197473,2.230352363920044,-9.314620577439275,-9.314620577439275,0.0,10000.0,455.4323166120494,0.0,-455.4323166120494,2.230352363920044,0.0,0
0xA9f484902d2905e4d95513C4e7d06CA08211bd4b,MATIC,CSBR,-0.02,2022-08-10 19:29:52,2022-08-10 13:30:00,2022-08-11 13:00:00,9.66,-20.70393374741201,3.9337474120082714,0.0,3.9337474120082714,10000.0,-200.0,0.0,200.0,-20.70393374741201,0.0,0
0xA9f484902d2905e4d95513C4e7d06CA08211bd4b,MATIC,DBVT,-0.02,2022-08-10 19:29:52,2022-08-10 13:30:00,2022-08-11 13:00:00,2.7,-74.07407407407408,-0.0,0.0,-0.0,10000.0,-200.0,0.0,200.0,-74.07407407407408,0.0,0
0xA9f484902d2905e4d95513C4e7d06CA08211bd4b,MATIC,DOCU,0.01,2022-08-10 19:29:52,2022-08-10 13:30:00,2022-08-11 13:00:00,75.221031,1.3294154396793632,-3.7765089925449122,-3.7765089925449122,0.0,10000.0,100.0,0.0,-100.0,1.3294154396793632,0.0,0
0xA9f484902d2905e4d95513C4e7d06CA08211bd4b,MATIC,EAR,0.01,2022-08-10 19:29:52,2022-08-10 13:30:00,2022-08-11 13:00:00,0.990125,100.99734881959348,-0.01929049362454763,-0.01929049362454763,0.0,10000.0,100.0,0.0,-100.0,100.99734881959348,0.0,0
0xA9f484902d2905e4d95513C4e7d06CA08211bd4b,MATIC,ECOR,-0.02,2022-08-10 19:29:52,2022-08-10 13:30:00,2022-08-11 13:00:00,0.67,-298.5074626865671,-0.0,0.0,-0.0,10000.0,-200.0,0.0,200.0,-298.5074626865671,0.0,0
0xA9f484902d2905e4d95513C4e7d06CA08211bd4b,MATIC,EHTH,0.01,2022-08-10 19:29:52,2022-08-10 13:30:00,2022-08-11 13:00:00,8.242512,12.132223768676345,4.9798774936572805,4.9798774936572805,0.0,10000.0,100.0,0.0,-100.0,12.132223768676345,0.0,0
0xA9f484902d2905e4d95513C4e7d06CA08211bd4b,MATIC,CREX,0.01,2022-08-10 19:29:52,2022-08-10 13:30:00,2022-08-11 13:00:00,0.67,149.25373134328356,2.985074626865657,2.985074626865657,0.0,10000.0,100.0,0.0,-100.0,149.25373134328356,0.0,0
0xA9f484902d2905e4d95513C4e7d06CA08211bd4b,MATIC,EIGR,-0.02,2022-08-10 19:29:52,2022-08-10 13:30:00,2022-08-11 13:00:00,9.261565,-21.59462250710328,3.5841674706164572,0.0,3.5841674706164572,10000.0,-200.0,0.0,200.0,-21.59462250710328,0.0,0
0xA9f484902d2905e4d95513C4e7d06CA08211bd4b,MATIC,ETSY,0.01,2022-08-10 19:29:52,2022-08-10 13:30:00,2022-08-11 13:00:00,119.060534,0.8399088819809929,-0.6271070479156484,-0.6271070479156484,0.0,10000.0,100.0,0.0,-100.0,0.8399088819809929,0.0,0
0xA9f484902d2905e4d95513C4e7d06CA08211bd4b,MATIC,EYES,-0.02,2022-08-10 19:29:52,2022-08-10 13:30:00,2022-08-11 13:00:00,2.05,-97.5609756097561,4.119219512195099,0.0,4.119219512195099,10000.0,-200.0,0.0,200.0,-97.5609756097561,0.0,0
0xA9f484902d2905e4d95513C4e7d06CA08211bd4b,MATIC,F,0.03453491303251827,2022-08-10 19:29:52,2022-08-10 13:30:00,2022-08-11 13:00:00,15.764692,21.90649397559957,3.9587444328245853,3.9587444328245853,0.0,10000.0,345.3491303251827,0.0,-345.3491303251827,21.90649397559957,0.0,0
0xA9f484902d2905e4d95513C4e7d06CA08211bd4b,MATIC,FANG,0.01,2022-08-10 19:29:52,2022-08-10 13:30:00,2022-08-11 13:00:00,129.884349,0.7699157040083406,0.6736877897428728,0.6736877897428728,0.0,10000.0,100.0,0.0,-100.0,0.7699157040083406,0.0,0
0xA9f484902d2905e4d95513C4e7d06CA08211bd4b,MATIC,FTMUSD,0.04764305520544492,2022-08-10 19:29:52,2022-08-10 13:30:00,2022-08-11 13:00:00,0.0,0.0,0.0,0.0,0.0,10000.0,0.0,0.0,0.0,0.0,0.0,0
0xA9f484902d2905e4d95513C4e7d06CA08211bd4b,MATIC,FTNT,0.01,2022-08-10 19:29:52,2022-08-10 13:30:00,2022-08-11 13:00:00,54.1164,1.847868668278008,-1.5779726663266522,-1.5779726663266522,0.0,10000.0,100.0,0.0,-100.0,1.847868668278008,0.0,0
0xA9f484902d2905e4d95513C4e7d06CA08211bd4b,MATIC,GHSI,0.01,2022-08-10 19:29:52,2022-08-10 13:30:00,2022-08-11 13:00:00,0.154536,647.0984107263032,2.739167572604433,2.739167572604433,0.0,10000.0,100.0,0.0,-100.0,647.0984107263032,0.0,0
0xA9f484902d2905e4d95513C4e7d06CA08211bd4b,MATIC,GOCO,0.01,2022-08-10 19:29:52,2022-08-10 13:30:00,2022-08-11 13:00:00,0.6011,166.36167027116954,20.86175345200467,20.86175345200467,0.0,10000.0,100.0,0.0,-100.0,166.36167027116954,0.0,0
0xA9f484902d2905e4d95513C4e7d06CA08211bd4b,MATIC,HYRE,0.01,2022-08-10 19:29:52,2022-08-10 13:30:00,2022-08-11 13:00:00,0.962229,103.92536495990039,2.7510083358535256,2.7510083358535256,0.0,10000.0,100.0,0.0,-100.0,103.92536495990039,0.0,0
0xA9f484902d2905e4d95513C4e7d06CA08211bd4b,MATIC,PLBC,-0.02,2022-08-10 19:29:52,2022-08-10 13:30:00,2022-08-11 13:00:00,31.99,-6.251953735542357,-0.0,0.0,-0.0,10000.0,-200.0,0.0,200.0,-6.251953735542357,0.0,0
0xA9f484902d2905e4d95513C4e7d06CA08211bd4b,MATIC,AAP,0.21428571428571425,2022-08-10 19:29:52,2022-08-10 13:30:00,2022-08-11 13:00:00,196.953108,10.880037205897471,18.607844752279384,18.607844752279384,0.0,10000.0,2142.8571428571427,0.0,-2142.8571428571427,10.880037205897471,0.0,0
0xA9f484902d2905e4d95513C4e7d06CA08211bd4b,MATIC,TTD,0.01,2022-08-10 19:29:52,2022-08-10 13:30:00,2022-08-11 13:00:00,74.931679,1.3345490363294807,-2.564957873158024,-2.564957873158024,0.0,10000.0,100.0,0.0,-100.0,1.3345490363294807,0.0,0
0xA9f484902d2905e4d95513C4e7d06CA08211bd4b,MATIC,LOGC,0.01,2022-08-10 19:29:52,2022-08-10 13:30:00,2022-08-11 13:00:00,0.636,157.2327044025157,-1.3132075471698152,-1.3132075471698152,0.0,10000.0,100.0,0.0,-100.0,157.2327044025157,0.0,0
0xA9f484902d2905e4d95513C4e7d06CA08211bd4b,MATIC,LTRPB,-0.02,2022-08-10 19:29:52,2022-08-10 13:30:00,2022-08-11 13:00:00,26.56,-7.530120481927711,5.722891566265045,0.0,5.722891566265045,10000.0,-200.0,0.0,200.0,-7.530120481927711,0.0,0
0xA9f484902d2905e4d95513C4e7d06CA08211bd4b,MATIC,LWAY,-0.02,2022-08-10 19:29:52,2022-08-10 13:30:00,2022-08-11 13:00:00,6.06,-33.00330033003301,-0.0,0.0,-0.0,10000.0,-200.0,0.0,200.0,-33.00330033003301,0.0,0
0xA9f484902d2905e4d95513C4e7d06CA08211bd4b,MATIC,LYRA,-0.02,2022-08-10 19:29:52,2022-08-10 13:30:00,2022-08-11 13:00:00,6.5025,-30.75740099961553,4.99807766243754,0.0,4.99807766243754,10000.0,-200.0,0.0,200.0,-30.75740099961553,0.0,0
0xA9f484902d2905e4d95513C4e7d06CA08211bd4b,MATIC,MBCN,-0.02,2022-08-10 19:29:52,2022-08-10 13:30:00,2022-08-11 13:00:00,27.08,-7.385524372230429,3.5450516986705827,0.0,3.5450516986705827,10000.0,-200.0,0.0,200.0,-7.385524372230429,0.0,0
0xA9f484902d2905e4d95513C4e7d06CA08211bd4b,MATIC,MELI,0.01,2022-08-10 19:29:52,2022-08-10 13:30:00,2022-08-11 13:00:00,1072.974777,0.09319883574485928,-1.581859738348709,-1.581859738348709,0.0,10000.0,100.0,0.0,-100.0,0.09319883574485928,0.0,0
0xA9f484902d2905e4d95513C4e7d06CA08211bd4b,MATIC,META,0.47619047619047616,2022-08-10 19:29:52,2022-08-10 13:30:00,2022-08-11 13:00:00,180.919528,26.320568125209576,-29.172270078735778,-29.172270078735778,0.0,10000.0,4761.9047619047615,0.0,-4761.9047619047615,26.320568125209576,0.0,0
0xA9f484902d2905e4d95513C4e7d06CA08211bd4b,MATIC,MGTA,-0.02,2022-08-10 19:29:52,2022-08-10 13:30:00,2022-08-11 13:00:00,1.666633,-120.00242404896579,-5.404189164621128,0.0,-5.404189164621128,10000.0,-200.0,0.0,200.0,-120.00242404896579,0.0,0
0xA9f484902d2905e4d95513C4e7d06CA08211bd4b,MATIC,MSFT,0.01,2022-08-10 19:29:52,2022-08-10 13:30:00,2022-08-11 13:00:00,289.568808,0.3453410631161627,-0.4451187297770021,-0.4451187297770021,0.0,10000.0,100.0,0.0,-100.0,0.3453410631161627,0.0,0
0xA9f484902d2905e4d95513C4e7d06CA08211bd4b,MATIC,NFLX,0.3095238095238095,2022-08-10 19:29:52,2022-08-10 13:30:00,2022-08-11 13:00:00,248.398439,12.46077917276322,-39.797298825867,-39.797298825867,0.0,10000.0,3095.238095238095,0.0,-3095.238095238095,12.46077917276322,0.0,0
0xA9f484902d2905e4d95513C4e7d06CA08211bd4b,MATIC,NVDA,0.01,2022-08-10 19:29:52,2022-08-10 13:30:00,2022-08-11 13:00:00,182.600258,0.5476443521782975,0.7536106548107901,0.7536106548107901,0.0,10000.0,100.0,0.0,-100.0,0.5476443521782975,0.0,0
0xA9f484902d2905e4d95513C4e7d06CA08211bd4b,MATIC,OEG,0.01,2022-08-10 19:29:52,2022-08-10 13:30:00,2022-08-11 13:00:00,0.0,0.0,0.0,0.0,0.0,10000.0,0.0,0.0,0.0,0.0,0.0,0
0xA9f484902d2905e4d95513C4e7d06CA08211bd4b,MATIC,OILK,0.07562389715149988,2022-08-10 19:29:52,2022-08-10 13:30:00,2022-08-11 13:00:00,49.71,15.213014916817515,3.3468632816998363,3.3468632816998363,0.0,10000.0,756.2389715149988,0.0,-756.2389715149988,15.213014916817515,0.0,0
0xA9f484902d2905e4d95513C4e7d06CA08211bd4b,MATIC,OKTA,0.01,2022-08-10 19:29:52,2022-08-10 13:30:00,2022-08-11 13:00:00,107.13241,0.9334243484301343,-4.423527856789551,-4.423527856789551,0.0,10000.0,100.0,0.0,-100.0,0.9334243484301343,0.0,0
0xA9f484902d2905e4d95513C4e7d06CA08211bd4b,MATIC,ONVO,-0.02,2022-08-10 19:29:52,2022-08-10 13:30:00,2022-08-11 13:00:00,3.27,-61.162079510703364,3.7571253822629944,0.0,3.7571253822629944,10000.0,-200.0,0.0,200.0,-61.162079510703364,0.0,0
0xA9f484902d2905e4d95513C4e7d06CA08211bd4b,MATIC,OPEN,0.01,2022-08-10 19:29:52,2022-08-10 13:30:00,2022-08-11 13:00:00,6.075117,16.460588331056012,-0.8460742402162663,-0.8460742402162663,0.0,10000.0,100.0,0.0,-100.0,16.460588331056012,0.0,0
0xA9f484902d2905e4d95513C4e7d06CA08211bd4b,MATIC,KIRK,0.01,2022-08-10 19:29:52,2022-08-10 13:30:00,2022-08-11 13:00:00,3.261312,30.662506377801325,10.916312208092931,10.916312208092931,0.0,10000.0,100.0,0.0,-100.0,30.662506377801325,0.0,0
0xA9f484902d2905e4d95513C4e7d06CA08211bd4b,MATIC,PLRX,-0.02,2022-08-10 19:29:52,2022-08-10 13:30:00,2022-08-11 13:00:00,21.800555,-9.174078366353518,9.51488620358518,0.0,9.51488620358518,10000.0,-200.0,0.0,200.0,-9.174078366353518,0.0,0
0xA9f484902d2905e4d95513C4e7d06CA08211bd4b,MATIC,PRAX,0.01,2022-08-10 19:29:52,2022-08-10 13:30:00,2022-08-11 13:00:00,4.69816,21.28492856777973,-8.530850375466127,-8.530850375466127,0.0,10000.0,100.0,0.0,-100.0,21.28492856777973,0.0,0
0xA9f484902d2905e4d95513C4e7d06CA08211bd4b,MATIC,LHCG,0.01,2022-08-10 19:29:52,2022-08-10 13:30:00,2022-08-11 13:00:00,163.3,0.612369871402327,-0.32289957134109576,-0.32289957134109576,0.0,10000.0,100.0,0.0,-100.0,0.612369871402327,0.0,0
0xA9f484902d2905e4d95513C4e7d06CA08211bd4b,MATIC,OPTN,-0.02,2022-08-10 19:29:52,2022-08-10 13:30:00,2022-08-11 13:00:00,3.702823,-54.01284371410678,6.368276312424337,0.0,6.368276312424337,10000.0,-200.0,0.0,200.0,-54.01284371410678,0.0,0
0xA9f484902d2905e4d95513C4e7d06CA08211bd4b,MATIC,PUBM,0.01,2022-08-10 19:29:52,2022-08-10 13:30:00,2022-08-11 13:00:00,22.75378,4.394874170357629,0.5400729021727476,0.5400729021727476,0.0,10000.0,100.0,0.0,-100.0,4.394874170357629,0.0,0
0xA9f484902d2905e4d95513C4e7d06CA08211bd4b,MATIC,PRCH,0.01,2022-08-10 19:29:52,2022-08-10 13:30:00,2022-08-11 13:00:00,3.272119,30.561235700779832,-2.840911348273088,-2.840911348273088,0.0,10000.0,100.0,0.0,-100.0,30.561235700779832,0.0,0
0xA9f484902d2905e4d95513C4e7d06CA08211bd4b,MATIC,ROKU,0.01,2022-08-10 19:29:52,2022-08-10 13:30:00,2022-08-11 13:00:00,85.124821,1.1747454952063865,-4.23602417912867,-4.23602417912867,0.0,10000.0,100.0,0.0,-100.0,1.1747454952063865,0.0,0
0xA9f484902d2905e4d95513C4e7d06CA08211bd4b,MATIC,RUBY,0.01,2022-08-10 19:29:52,2022-08-10 13:30:00,2022-08-11 13:00:00,0.796703,125.5172881236797,-3.0410328566605154,-3.0410328566605154,0.0,10000.0,100.0,0.0,-100.0,125.5172881236797,0.0,0
0xA9f484902d2905e4d95513C4e7d06CA08211bd4b,MATIC,SAL,-0.02,2022-08-10 19:29:52,2022-08-10 13:30:00,2022-08-11 13:00:00,23.25,-8.602150537634408,-0.0,0.0,-0.0,10000.0,-200.0,0.0,200.0,-8.602150537634408,0.0,0
0xA9f484902d2905e4d95513C4e7d06CA08211bd4b,MATIC,SNGX,-0.02,2022-08-10 19:29:52,2022-08-10 13:30:00,2022-08-11 13:00:00,0.8555,-233.78141437755698,0.09351256575103845,0.0,0.09351256575103845,10000.0,-200.0,0.0,200.0,-233.78141437755698,0.0,0
0xA9f484902d2905e4d95513C4e7d06CA08211bd4b,MATIC,STIM,-0.02,2022-08-10 19:29:52,2022-08-10 13:30:00,2022-08-11 13:00:00,4.412836,-45.32232786353266,-3.296791451121216,0.0,-3.296791451121216,10000.0,-200.0,0.0,200.0,-45.32232786353266,0.0,0
0xA9f484902d2905e4d95513C4e7d06CA08211bd4b,MATIC,TNXP,0.01,2022-08-10 19:29:52,2022-08-10 13:30:00,2022-08-11 13:00:00,1.422238,70.31171997935648,-1.465296244369787,-1.465296244369787,0.0,10000.0,100.0,0.0,-100.0,70.31171997935648,0.0,0
0xA9f484902d2905e4d95513C4e7d06CA08211bd4b,MATIC,TSLA,0.01,2022-08-10 19:29:52,2022-08-10 13:30:00,2022-08-11 13:00:00,885.155056,0.11297455662954492,-1.988018695788817,-1.988018695788817,0.0,10000.0,100.0,0.0,-100.0,0.11297455662954492,0.0,0
0xA9f484902d2905e4d95513C4e7d06CA08211bd4b,MATIC,TTNP,-0.02,2022-08-10 19:29:52,2022-08-10 13:30:00,2022-08-11 13:00:00,1.29,-155.03875968992247,-9.302325581395356,0.0,-9.302325581395356,10000.0,-200.0,0.0,200.0,-155.03875968992247,0.0,0
0xA9f484902d2905e4d95513C4e7d06CA08211bd4b,MATIC,REAL,0.01,2022-08-10 19:29:52,2022-08-10 13:30:00,2022-08-11 13:00:00,3.39778,29.430981405505946,-16.408919941844385,-16.408919941844385,0.0,10000.0,100.0,0.0,-100.0,29.430981405505946,0.0,0
0xA9f484902d2905e4d95513C4e7d06CA08211bd4b,MATIC,TTOO,0.01,2022-08-10 19:29:52,2022-08-10 13:30:00,2022-08-11 13:00:00,0.261256,382.76632881158713,-26.097008298374007,-26.097008298374007,0.0,10000.0,100.0,0.0,-100.0,382.76632881158713,0.0,0
0xA9f484902d2905e4d95513C4e7d06CA08211bd4b,MATIC,UPST,0.01,2022-08-10 19:29:52,2022-08-10 13:30:00,2022-08-11 13:00:00,34.183506,2.925387466107192,-1.636189687506027,-1.636189687506027,0.0,10000.0,100.0,0.0,-100.0,2.925387466107192,0.0,0
0xA9f484902d2905e4d95513C4e7d06CA08211bd4b,MATIC,UUP,0.25207965717166625,2022-08-10 19:29:52,2022-08-10 13:30:00,2022-08-11 13:00:00,28.003,90.01880411801102,23.43126458028951,23.43126458028951,0.0,10000.0,2520.7965717166626,0.0,-2520.7965717166626,90.01880411801102,0.0,0
0xA9f484902d2905e4d95513C4e7d06CA08211bd4b,MATIC,UUUU,0.22687169145449965,2022-08-10 19:29:52,2022-08-10 13:30:00,2022-08-11 13:00:00,7.123347,318.49029880827044,-57.538457382702006,-57.538457382702006,0.0,10000.0,2268.7169145449966,0.0,-2268.7169145449966,318.49029880827044,0.0,0
0xA9f484902d2905e4d95513C4e7d06CA08211bd4b,MATIC,VERU,-0.02,2022-08-10 19:29:52,2022-08-10 13:30:00,2022-08-11 13:00:00,16.068083,-12.447035530000685,0.9121934458516463,0.0,0.9121934458516463,10000.0,-200.0,0.0,200.0,-12.447035530000685,0.0,0
0xA9f484902d2905e4d95513C4e7d06CA08211bd4b,MATIC,VRM,0.01,2022-08-10 19:29:52,2022-08-10 13:30:00,2022-08-11 13:00:00,1.861717,53.713856617305424,-0.0017188434117554926,-0.0017188434117554926,0.0,10000.0,100.0,0.0,-100.0,53.713856617305424,0.0,0
0xA9f484902d2905e4d95513C4e7d06CA08211bd4b,MATIC,WEAT,0.07562389715149988,2022-08-10 19:29:52,2022-08-10 13:30:00,2022-08-11 13:00:00,8.377032,90.27528741862258,-16.761232064440794,-16.761232064440794,0.0,10000.0,756.2389715149988,0.0,-756.2389715149988,90.27528741862258,0.0,0
0xA9f484902d2905e4d95513C4e7d06CA08211bd4b,MATIC,ZM,0.01,2022-08-10 19:29:52,2022-08-10 13:30:00,2022-08-11 13:00:00,112.991418,0.8850229669655089,-4.2580817952032435,-4.2580817952032435,0.0,10000.0,100.0,0.0,-100.0,0.8850229669655089,0.0,0
0xA9f484902d2905e4d95513C4e7d06CA08211bd4b,MATIC,PTON,0.01,2022-08-10 19:29:52,2022-08-10 13:30:00,2022-08-11 13:00:00,12.969114,7.710626955704145,-5.682708934473078,-5.682708934473078,0.0,10000.0,100.0,0.0,-100.0,7.710626955704145,0.0,0
0xA9f484902d2905e4d95513C4e7d06CA08211bd4b,MATIC,ALNA,0.015384615384615384,2022-08-12 03:38:13,2022-08-12 13:30:00,2022-08-12 14:00:00,0.12128,1231.2093557720982,-3.705940160874014,-3.705940160874014,0.0,9705.869593422605,149.32107066804008,92.51165167776531,-56.809418990274764,468.4153940490993,762.793961722999,0
0xA9f484902d2905e4d95513C4e7d06CA08211bd4b,MATIC,AGLE,0.015384615384615384,2022-08-12 03:38:13,2022-08-12 13:30:00,2022-08-12 14:00:00,0.511323,292.0288558661357,3.1571239607687973,3.1571239607687973,0.0,9705.869593422605,149.32107066804008,105.75602955989021,-43.56504110814987,85.20062877701545,206.82822708912022,0
0xA9f484902d2905e4d95513C4e7d06CA08211bd4b,MATIC,AAP,0.21428571428571425,2022-08-12 03:38:13,2022-08-12 13:30:00,2022-08-12 14:00:00,198.663382,10.46911201074065,134.0767763883461,134.0767763883461,0.0,9705.869593422605,2079.829198590558,2161.464987609422,81.63578901886422,-0.41092519515682163,10.880037205897471,0
0xA9f484902d2905e4d95513C4e7d06CA08211bd4b,MATIC,ADTX,0.015384615384615384,2022-08-12 03:38:13,2022-08-12 13:30:00,2022-08-12 14:00:00,0.168,888.8158968335717,0.5332895381001337,0.5332895381001337,0.0,9705.869593422605,149.32107066804008,104.47761194029852,-44.84345872774156,266.9253495698902,621.8905472636816,0
0xA9f484902d2905e4d95513C4e7d06CA08211bd4b,MATIC,AAPL,0.10802622470171437,2022-08-12 03:38:13,2022-08-12 13:30:00,2022-08-12 14:00:00,170.263079,6.158049389113933,15.63054570093065,15.63054570093065,0.0,9705.869593422605,1048.4884496246075,983.4162176973165,-65.072231927291,0.38218639243150887,5.775862996682425,0
0xA9f484902d2905e4d95513C4e7d06CA08211bd4b,MATIC,COGT,0.0,2022-08-12 03:38:13,2022-08-12 13:30:00,2022-08-12 14:00:00,13.73101,-1.7763568394002505e-15,0.0,0.0,0.0,9705.869593422605,0.0,-194.30046717830106,-194.30046717830106,14.150486175328767,-14.15048617532877,0
0xA9f484902d2905e4d95513C4e7d06CA08211bd4b,MATIC,ADVM,0.0,2022-08-12 03:38:13,2022-08-12 13:30:00,2022-08-12 14:00:00,1.509583,0.0,0.0,0.0,0.0,9705.869593422605,0.0,-191.93082987243244,-191.93082987243244,127.14162114466873,-127.14162114466873,0
0xA9f484902d2905e4d95513C4e7d06CA08211bd4b,MATIC,ALRN,0.0,2022-08-12 03:38:13,2022-08-12 13:30:00,2022-08-12 14:00:00,0.212221,0.0,0.0,0.0,0.0,9705.869593422605,0.0,101.05761904761904,101.05761904761904,-476.1904761904762,476.1904761904762,0
0xA9f484902d2905e4d95513C4e7d06CA08211bd4b,MATIC,AXLA,-0.030769230769230767,2022-08-12 03:38:13,2022-08-12 13:30:00,2022-08-12 14:00:00,2.342647,-127.48064105948535,-48.10520234572001,0.0,-48.10520234572001,9705.869593422605,-298.64214133608016,-200.0,98.64214133608016,-42.10712981344614,-85.3735112460392,0
0xA9f484902d2905e4d95513C4e7d06CA08211bd4b,MATIC,AMZN,0.0,2022-08-12 03:38:13,2022-08-12 13:30:00,2022-08-12 14:00:00,140.740135,0.0,0.0,0.0,0.0,9705.869593422605,0.0,98.01291164617354,98.01291164617354,-0.6964105274318056,0.6964105274318056,0
0xA9f484902d2905e4d95513C4e7d06CA08211bd4b,MATIC,APPS,0.015384615384615384,2022-08-12 03:38:13,2022-08-12 13:30:00,2022-08-12 14:00:00,23.064654,6.474021707329323,10.56065727377704,10.56065727377704,0.0,9705.869593422605,149.32107066804008,97.73235915047292,-51.58871151756716,2.236699996347969,4.2373217109813535,0
0xA9f484902d2905e4d95513C4e7d06CA08211bd4b,MATIC,BDSX,-0.030769230769230767,2022-08-12 03:38:13,2022-08-12 13:30:00,2022-08-12 14:00:00,2.53,-118.04037206959691,8.734987533150154,0.0,8.734987533150154,9705.869593422605,-298.64214133608016,-191.66666666666663,106.97547466941353,-42.28279631202116,-75.75757575757575,0
0xA9f484902d2905e4d95513C4e7d06CA08211bd4b,MATIC,BIMI,0.0,2022-08-12 03:38:13,2022-08-12 13:30:00,2022-08-12 14:00:00,0.509,0.0,0.0,0.0,0.0,9705.869593422605,0.0,96.68369236730686,96.68369236730686,-189.94831506347123,189.94831506347123,0
0xA9f484902d2905e4d95513C4e7d06CA08211bd4b,MATIC,CAPR,-0.030769230769230767,2022-08-12 03:38:13,2022-08-12 13:30:00,2022-08-12 14:00:00,5.231165,-57.08903109270691,4.072160587842765,0.0,4.072160587842765,9705.869593422605,-298.64214133608016,-219.33605870020966,79.3060826358705,-15.160309918702717,-41.928721174004195,0
0xA9f484902d2905e4d95513C4e7d06CA08211bd4b,MATIC,CAR,0.0,2022-08-12 03:38:13,2022-08-12 13:30:00,2022-08-12 14:00:00,185.962434,0.0,0.0,0.0,0.0,9705.869593422605,0.0,97.4136159162881,97.4136159162881,-0.5238349155845534,0.5238349155845534,0
0xA9f484902d2905e4d95513C4e7d06CA08211bd4b,MATIC,CREX,0.015384615384615384,2022-08-12 03:38:13,2022-08-12 13:30:00,2022-08-12 14:00:00,0.69,216.407348794261,-7.985431170508217,-7.985431170508217,0.0,9705.869593422605,149.32107066804008,102.98507462686565,-46.335996041174425,67.15361745097744,149.25373134328356,0
0xA9f484902d2905e4d95513C4e7d06CA08211bd4b,MATIC,CDLX,0.0,2022-08-12 03:38:13,2022-08-12 13:30:00,2022-08-12 14:00:00,16.605,0.0,0.0,0.0,0.0,9705.869593422605,0.0,98.63552116680862,98.63552116680862,-5.94010967580901,5.94010967580901,0
0xA9f484902d2905e4d95513C4e7d06CA08211bd4b,MATIC,AMD,0.015384615384615384,2022-08-12 03:38:13,2022-08-12 13:30:00,2022-08-12 14:00:00,100.696366,1.48288440387253,-0.5870902472215744,-0.5870902472215744,0.0,9705.869593422605,149.32107066804008,100.5005717910424,-48.820498876997675,0.484828805808123,0.9980555980644069,0
0xA9f484902d2905e4d95513C4e7d06CA08211bd4b,MATIC,KIRK,0.0,2022-08-12 03:38:13,2022-08-12 13:30:00,2022-08-12 14:00:00,3.617327,0.0,0.0,0.0,0.0,9705.869593422605,0.0,110.91631220809293,110.91631220809293,-30.662506377801325,30.662506377801325,0
0xA9f484902d2905e4d95513C4e7d06CA08211bd4b,MATIC,ETSY,0.015384615384615384,2022-08-12 03:38:13,2022-08-12 13:30:00,2022-08-12 14:00:00,118.313897,1.2620754996181056,4.447246114232305,4.447246114232305,0.0,9705.869593422605,149.32107066804008,99.37289295208434,-49.94817771595574,0.4221666176371127,0.8399088819809929,0
0xA9f484902d2905e4d95513C4e7d06CA08211bd4b,MATIC,HYRE,0.0,2022-08-12 03:38:13,2022-08-12 13:30:00,2022-08-12 14:00:00,0.9887,0.0,0.0,0.0,0.0,9705.869593422605,0.0,102.75100833585353,102.75100833585353,-103.92536495990039,103.92536495990039,0
0xA9f484902d2905e4d95513C4e7d06CA08211bd4b,MATIC,CFRX,0.015384615384615384,2022-08-12 03:38:13,2022-08-12 13:30:00,2022-08-12 14:00:00,0.31,481.68087312270995,8.403886193371916,8.403886193371916,0.0,9705.869593422605,149.32107066804008,106.64685099370783,-42.67421967433225,137.65877314300727,344.02209997970266,0
0xA9f484902d2905e4d95513C4e7d06CA08211bd4b,MATIC,ENDP,0.0,2022-08-12 03:38:13,2022-08-12 13:30:00,2022-08-12 14:00:00,0.376824,0.0,-0.0,0.0,-0.0,9705.869593422605,0.0,92.25684353814778,92.25684353814778,-244.8274089180832,244.8274089180832,0
0xA9f484902d2905e4d95513C4e7d06CA08211bd4b,MATIC,CRWD,0.05270594942378955,2022-08-12 03:38:13,2022-08-12 13:30:00,2022-08-12 14:00:00,200.021173,2.557514608240142,-1.4633638235720559,-1.4633638235720559,0.0,9705.869593422605,511.55707190482866,446.1176960346101,-65.43937587021856,0.32716224432009783,2.230352363920044,0
0xA9f484902d2905e4d95513C4e7d06CA08211bd4b,MATIC,CSBR,-0.030769230769230767,2022-08-12 03:38:13,2022-08-12 13:30:00,2022-08-12 14:00:00,9.47,-31.535600985858515,2.207492069010105,0.0,2.207492069010105,9705.869593422605,-298.64214133608016,-196.06625258799173,102.57588874808843,-10.831667238446506,-20.70393374741201,0
0xA9f484902d2905e4d95513C4e7d06CA08211bd4b,MATIC,DBVT,-0.030769230769230767,2022-08-12 03:38:13,2022-08-12 13:30:00,2022-08-12 14:00:00,2.7,-110.60820049484448,6.636492029690674,0.0,6.636492029690674,9705.869593422605,-298.64214133608016,-200.00000000000003,98.64214133608013,-36.53412642077041,-74.07407407407408,0
0xA9f484902d2905e4d95513C4e7d06CA08211bd4b,MATIC,DOCU,0.0,2022-08-12 03:38:13,2022-08-12 13:30:00,2022-08-12 14:00:00,72.380302,0.0,0.0,0.0,0.0,9705.869593422605,0.0,96.2234910074551,96.2234910074551,-1.3294154396793632,1.3294154396793632,0
0xA9f484902d2905e4d95513C4e7d06CA08211bd4b,MATIC,EAR,0.015384615384615384,2022-08-12 03:38:13,2022-08-12 13:30:00,2022-08-12 14:00:00,0.989934,150.8394202725031,74.42628171433687,74.42628171433687,0.0,9705.869593422605,149.32107066804008,99.98070950637545,-49.34036116166463,49.84207145290962,100.99734881959348,0
0xA9f484902d2905e4d95513C4e7d06CA08211bd4b,MATIC,ECOR,-0.030769230769230767,2022-08-12 03:38:13,2022-08-12 13:30:00,2022-08-12 14:00:00,0.67,-445.7345393075823,5.7945490109985744,0.0,5.7945490109985744,9705.869593422605,-298.64214133608016,-199.99999999999997,98.64214133608019,-147.2270766210152,-298.5074626865671,0
0xA9f484902d2905e4d95513C4e7d06CA08211bd4b,MATIC,EHTH,0.0,2022-08-12 03:38:13,2022-08-12 13:30:00,2022-08-12 14:00:00,8.652979,0.0,0.0,0.0,0.0,9705.869593422605,0.0,104.97987749365728,104.97987749365728,-12.132223768676345,12.132223768676345,0
0xA9f484902d2905e4d95513C4e7d06CA08211bd4b,MATIC,EIGR,0.0,2022-08-12 03:38:13,2022-08-12 13:30:00,2022-08-12 14:00:00,9.09559,0.0,0.0,0.0,0.0,9705.869593422605,0.0,-196.41583252938352,-196.41583252938352,21.59462250710328,-21.59462250710328,0
0xA9f484902d2905e4d95513C4e7d06CA08211bd4b,MATIC,AAL,0.0,2022-08-12 03:38:13,2022-08-12 13:30:00,2022-08-12 14:00:00,15.092015,0.0,0.0,0.0,0.0,9705.869593422605,0.0,99.06208801433287,99.06208801433287,-6.5638742086018915,6.5638742086018915,0
0xA9f484902d2905e4d95513C4e7d06CA08211bd4b,MATIC,EYES,-0.030769230769230767,2022-08-12 03:38:13,2022-08-12 13:30:00,2022-08-12 14:00:00,2.007778,-148.742610655202,12.833512447330847,0.0,12.833512447330847,9705.869593422605,-298.64214133608016,-195.88078048780488,102.76136084827527,-51.181635045445894,-97.5609756097561,0
0xA9f484902d2905e4d95513C4e7d06CA08211bd4b,MATIC,F,0.036262572789835884,2022-08-12 03:38:13,2022-08-12 13:30:00,2022-08-12 14:00:00,15.945403,22.072806978923147,13.83881120911963,13.83881120911963,0.0,9705.869593422605,351.95980262014206,349.3078747580073,-2.6519278621347553,0.16631300332357576,21.90649397559957,0
0xA9f484902d2905e4d95513C4e7d06CA08211bd4b,MATIC,FANG,0.015384615384615384,2022-08-12 03:38:13,2022-08-12 13:30:00,2022-08-12 14:00:00,130.759364,1.1419531733730373,-6.485075560722863,-6.485075560722863,0.0,9705.869593422605,149.32107066804008,100.67368778974287,-48.64738287829721,0.37203746936469656,0.7699157040083406,0
0xA9f484902d2905e4d95513C4e7d06CA08211bd4b,MATIC,FTNT,0.015384615384615384,2022-08-12 03:38:13,2022-08-12 13:30:00,2022-08-12 14:00:00,53.262458,2.8034956754725826,-0.5856390326235287,-0.5856390326235287,0.0,9705.869593422605,149.32107066804008,98.42202733367334,-50.89904333436674,0.9556270071945747,1.847868668278008,0
0xA9f484902d2905e4d95513C4e7d06CA08211bd4b,MATIC,GHSI,0.0,2022-08-12 03:38:13,2022-08-12 13:30:00,2022-08-12 14:00:00,0.158769,0.0,0.0,0.0,0.0,9705.869593422605,0.0,102.73916757260443,102.73916757260443,-647.0984107263032,647.0984107263032,0
0xA9f484902d2905e4d95513C4e7d06CA08211bd4b,MATIC,GOCO,0.015384615384615384,2022-08-12 03:38:13,2022-08-12 13:30:00,2022-08-12 14:00:00,0.7265,205.53485294981428,-27.066268180402194,-27.066268180402194,0.0,9705.869593422605,149.32107066804008,120.86175345200468,-28.4593172160354,39.173182678644736,166.36167027116954,0
0xA9f484902d2905e4d95513C4e7d06CA08211bd4b,MATIC,INTU,0.0,2022-08-12 03:38:13,2022-08-12 13:30:00,2022-08-12 14:00:00,482.372752,0.0,0.0,0.0,0.0,9705.869593422605,0.0,100.26953970590526,100.26953970590526,-0.20786733763499407,0.20786733763499407,0
0xA9f484902d2905e4d95513C4e7d06CA08211bd4b,MATIC,INZY,-0.030769230769230767,2022-08-12 03:38:13,2022-08-12 13:30:00,2022-08-12 14:00:00,3.430874,-87.04549958292847,-22.322818368041972,0.0,-22.322818368041972,9705.869593422605,-298.64214133608016,-192.20582633053223,106.43631500554793,-31.023090619343037,-56.022408963585434,0
0xA9f484902d2905e4d95513C4e7d06CA08211bd4b,MATIC,CORN,0.07940709370037057,2022-08-12 03:38:13,2022-08-12 13:30:00,2022-08-12 14:00:00,25.294545,30.469609010499553,-15.18285382188684,-15.18285382188684,0.0,9705.869593422605,770.7148962484864,756.2389715149988,-14.475924733487659,0.5722943319789963,29.89731467852056,0
0xA9f484902d2905e4d95513C4e7d06CA08211bd4b,MATIC,LHCG,0.015384615384615384,2022-08-12 03:38:13,2022-08-12 13:30:00,2022-08-12 14:00:00,162.772705,0.9173593979902225,-0.25826694339437767,-0.25826694339437767,0.0,9705.869593422605,149.32107066804008,99.67710042865892,-49.64397023938116,0.30498952658789547,0.612369871402327,0
0xA9f484902d2905e4d95513C4e7d06CA08211bd4b,MATIC,LTRPB,-0.030769230769230767,2022-08-12 03:38:13,2022-08-12 13:30:00,2022-08-12 14:00:00,25.8,-11.575276795972098,-200.368041338277,0.0,-200.368041338277,9705.869593422605,-298.64214133608016,-194.27710843373495,104.3650329023452,-4.045156314044387,-7.530120481927711,0
0xA9f484902d2905e4d95513C4e7d06CA08211bd4b,MATIC,REAL,0.015384615384615384,2022-08-12 03:38:13,2022-08-12 13:30:00,2022-08-12 14:00:00,2.840241,52.57338045188422,24.908952217820048,24.908952217820048,0.0,9705.869593422605,149.32107066804008,83.59108005815561,-65.72999060988447,23.142399046378273,29.430981405505946,0
0xA9f484902d2905e4d95513C4e7d06CA08211bd4b,MATIC,MBCN,-0.030769230769230767,2022-08-12 03:38:13,2022-08-12 13:30:00,2022-08-12 14:00:00,26.6,-11.227148170529329,-10.325619399583992,0.0,-10.325619399583992,9705.869593422605,-298.64214133608016,-196.4549483013294,102.18719303475075,-3.8416237982989,-7.385524372230429,0
0xA9f484902d2905e4d95513C4e7d06CA08211bd4b,MATIC,MELI,0.0,2022-08-12 03:38:13,2022-08-12 13:30:00,2022-08-12 14:00:00,1056.001821,0.0,0.0,0.0,0.0,9705.869593422605,0.0,98.4181402616513,98.4181402616513,-0.09319883574485928,0.09319883574485928,0
0xA9f484902d2905e4d95513C4e7d06CA08211bd4b,MATIC,META,0.47619047619047616,2022-08-12 03:38:13,2022-08-12 13:30:00,2022-08-12 14:00:00,179.811183,25.703866613983482,-8.154294644620073,-8.154294644620073,0.0,9705.869593422605,4621.842663534574,4732.732491826026,110.88982829145152,-0.6167015112260927,26.320568125209576,0
0xA9f484902d2905e4d95513C4e7d06CA08211bd4b,MATIC,MGTA,-0.030769230769230767,2022-08-12 03:38:13,2022-08-12 13:30:00,2022-08-12 14:00:00,1.711667,-174.47444002605656,11.492107941196288,0.0,11.492107941196288,9705.869593422605,-298.64214133608016,-205.40418916462113,93.23795217145903,-54.47201597709077,-120.00242404896579,0
0xA9f484902d2905e4d95513C4e7d06CA08211bd4b,MATIC,NFLX,0.3095238095238095,2022-08-12 03:38:13,2022-08-12 13:30:00,2022-08-12 14:00:00,245.204634,12.251798354257337,24.758642394855173,24.758642394855173,0.0,9705.869593422605,3004.1977312974727,3055.440796412228,51.243065114755154,-0.2089808185058817,12.46077917276322,0
0xA9f484902d2905e4d95513C4e7d06CA08211bd4b,MATIC,NVDA,0.0,2022-08-12 03:38:13,2022-08-12 13:30:00,2022-08-12 14:00:00,183.976353,0.0,0.0,0.0,0.0,9705.869593422605,0.0,100.75361065481079,100.75361065481079,-0.5476443521782975,0.5476443521782975,0
0xA9f484902d2905e4d95513C4e7d06CA08211bd4b,MATIC,MSFT,0.015384615384615384,2022-08-12 03:38:13,2022-08-12 13:30:00,2022-08-12 14:00:00,288.279883,0.5179725658069595,2.368527453967273,2.368527453967273,0.0,9705.869593422605,149.32107066804008,99.55488127022299,-49.76618939781709,0.1726315026907968,0.3453410631161627,0
0xA9f484902d2905e4d95513C4e7d06CA08211bd4b,MATIC,OKTA,0.015384615384615384,2022-08-12 03:38:13,2022-08-12 13:30:00,2022-08-12 14:00:00,102.393378,1.4583078865514143,5.959001851573409,5.959001851573409,0.0,9705.869593422605,149.32107066804008,95.57647214321045,-53.74459852482963,0.52488353812128,0.9334243484301343,0
0xA9f484902d2905e4d95513C4e7d06CA08211bd4b,MATIC,OPTN,-0.030769230769230767,2022-08-12 03:38:13,2022-08-12 13:30:00,2022-08-12 14:00:00,3.58492,-83.30510620490281,-32.91218135943301,0.0,-32.91218135943301,9705.869593422605,-298.64214133608016,-193.63172368757566,105.0104176485045,-29.29226249079603,-54.01284371410678,0
0xA9f484902d2905e4d95513C4e7d06CA08211bd4b,MATIC,PTON,0.0,2022-08-12 03:38:13,2022-08-12 13:30:00,2022-08-12 14:00:00,12.232117,0.0,0.0,0.0,0.0,9705.869593422605,0.0,94.31729106552692,94.31729106552692,-7.710626955704145,7.710626955704145,0
0xA9f484902d2905e4d95513C4e7d06CA08211bd4b,MATIC,PRAX,0.015384615384615384,2022-08-12 03:38:13,2022-08-12 13:30:00,2022-08-12 14:00:00,4.297367,34.74710693036924,1.1704910440563987,1.1704910440563987,0.0,9705.869593422605,149.32107066804008,91.46914962453388,-57.851921043506195,13.462178362589508,21.28492856777973,0
0xA9f484902d2905e4d95513C4e7d06CA08211bd4b,MATIC,PLRX,-0.030769230769230767,2022-08-12 03:38:13,2022-08-12 13:30:00,2022-08-12 14:00:00,20.763406,-14.383099831312848,10.419606543197272,0.0,10.419606543197272,9705.869593422605,-298.64214133608016,-190.48511379641482,108.15702753966534,-5.20902146495933,-9.174078366353518,0
0xA9f484902d2905e4d95513C4e7d06CA08211bd4b,MATIC,PRCH,0.015384615384615384,2022-08-12 03:38:13,2022-08-12 13:30:00,2022-08-12 14:00:00,3.179161,46.96870358816055,-7.627059900867046,-7.627059900867046,0.0,9705.869593422605,149.32107066804008,97.15908865172692,-52.16198201631316,16.407467887380715,30.561235700779832,0
0xA9f484902d2905e4d95513C4e7d06CA08211bd4b,MATIC,OPEN,0.0,2022-08-12 03:38:13,2022-08-12 13:30:00,2022-08-12 14:00:00,6.023717,0.0,-0.0,0.0,-0.0,9705.869593422605,0.0,99.15392575978373,99.15392575978373,-16.460588331056012,16.460588331056012,0
0xA9f484902d2905e4d95513C4e7d06CA08211bd4b,MATIC,ONVO,0.0,2022-08-12 03:38:13,2022-08-12 13:30:00,2022-08-12 14:00:00,3.208571,0.0,0.0,0.0,0.0,9705.869593422605,0.0,-196.24287461773702,-196.24287461773702,61.162079510703364,-61.162079510703364,0
0xA9f484902d2905e4d95513C4e7d06CA08211bd4b,MATIC,OILK,0.07940709370037057,2022-08-12 03:38:13,2022-08-12 13:30:00,2022-08-12 14:00:00,49.93,15.43590819644475,-34.576434360036274,-34.576434360036274,0.0,9705.869593422605,770.7148962484864,759.5858347966986,-11.129061451787834,0.22289327962723482,15.213014916817515,0
0xA9f484902d2905e4d95513C4e7d06CA08211bd4b,MATIC,ROKU,0.015384615384615384,2022-08-12 03:38:13,2022-08-12 13:30:00,2022-08-12 14:00:00,81.518913,1.8317353013286632,6.798146699850586,6.798146699850586,0.0,9705.869593422605,149.32107066804008,95.76397582087134,-53.55709484716874,0.6569898061222768,1.1747454952063865,0
0xA9f484902d2905e4d95513C4e7d06CA08211bd4b,MATIC,UUP,0.2646903123345686,2022-08-12 03:38:13,2022-08-12 13:30:00,2022-08-12 14:00:00,28.263293,90.89703928560702,10.37226115288063,10.37226115288063,0.0,9705.869593422605,2569.0496541616217,2544.227836296952,-24.82181786466981,0.8782351675959984,90.01880411801102,0
0xA9f484902d2905e4d95513C4e7d06CA08211bd4b,MATIC,UUUU,0.2382212811011117,2022-08-12 03:38:13,2022-08-12 13:30:00,2022-08-12 14:00:00,6.942687,333.0331165362142,-48.14659765764044,-48.14659765764044,0.0,9705.869593422605,2312.1446887454595,2211.1784571622948,-100.9662315831647,14.542817727943762,318.49029880827044,0
0xA9f484902d2905e4d95513C4e7d06CA08211bd4b,MATIC,TNXP,0.015384615384615384,2022-08-12 03:38:13,2022-08-12 13:30:00,2022-08-12 14:00:00,1.401398,106.55150832814097,9.356607600819057,9.356607600819057,0.0,9705.869593422605,149.32107066804008,98.5347037556302,-50.786366912409875,36.23978834878449,70.31171997935648,0
0xA9f484902d2905e4d95513C4e7d06CA08211bd4b,MATIC,TSLA,0.015384615384615384,2022-08-12 03:38:13,2022-08-12 13:30:00,2022-08-12 14:00:00,867.558008,0.17211652626234544,9.972924129138455,9.972924129138455,0.0,9705.869593422605,149.32107066804008,98.01198130421118,-51.3090893638289,0.059141969632800516,0.11297455662954492,0
0xA9f484902d2905e4d95513C4e7d06CA08211bd4b,MATIC,TTD,0.015384615384615384,2022-08-12 03:38:13,2022-08-12 13:30:00,2022-08-12 14:00:00,73.009713,2.0452219921483605,2.2868833775186013,2.2868833775186013,0.0,9705.869593422605,149.32107066804008,97.43504212684196,-51.886028541198115,0.71067295581888,1.3345490363294807,0
0xA9f484902d2905e4d95513C4e7d06CA08211bd4b,MATIC,TTNP,0.0,2022-08-12 03:38:13,2022-08-12 13:30:00,2022-08-12 14:00:00,1.35,0.0,0.0,0.0,0.0,9705.869593422605,0.0,-209.30232558139534,-209.30232558139534,155.03875968992247,-155.03875968992247,0
0xA9f484902d2905e4d95513C4e7d06CA08211bd4b,MATIC,TTOO,0.015384615384615384,2022-08-12 03:38:13,2022-08-12 13:30:00,2022-08-12 14:00:00,0.193076,773.3797606540434,-26.069858351887138,-26.069858351887138,0.0,9705.869593422605,149.32107066804008,73.902991701626,-75.41807896641409,390.6134318424563,382.76632881158713,0
0xA9f484902d2905e4d95513C4e7d06CA08211bd4b,MATIC,UPST,0.0,2022-08-12 03:38:13,2022-08-12 13:30:00,2022-08-12 14:00:00,33.624199,0.0,0.0,0.0,0.0,9705.869593422605,0.0,98.36381031249398,98.36381031249398,-2.925387466107192,2.925387466107192,0
0xA9f484902d2905e4d95513C4e7d06CA08211bd4b,MATIC,SNGX,-0.030769230769230767,2022-08-12 03:38:13,2022-08-12 13:30:00,2022-08-12 14:00:00,0.8551,-349.24820645080126,-11.380602055405811,0.0,-11.380602055405811,9705.869593422605,-298.64214133608016,-199.90648743424896,98.7356539018312,-115.4667920732443,-233.78141437755698,0
0xA9f484902d2905e4d95513C4e7d06CA08211bd4b,MATIC,VERU,-0.030769230769230767,2022-08-12 03:38:13,2022-08-12 13:30:00,2022-08-12 14:00:00,15.994797,-18.671205476135782,-133.4566795043236,0.0,-133.4566795043236,9705.869593422605,-298.64214133608016,-199.08780655414836,99.5543347819318,-6.224169946135096,-12.447035530000685,0
0xA9f484902d2905e4d95513C4e7d06CA08211bd4b,MATIC,VRM,0.0,2022-08-12 03:38:13,2022-08-12 13:30:00,2022-08-12 14:00:00,1.861685,0.0,0.0,0.0,0.0,9705.869593422605,0.0,99.99828115658825,99.99828115658825,-53.713856617305424,53.713856617305424,0
0xA9f484902d2905e4d95513C4e7d06CA08211bd4b,MATIC,WEAT,0.07940709370037057,2022-08-12 03:38:13,2022-08-12 13:30:00,2022-08-12 14:00:00,8.191364,94.08871297240441,-3.4214419585285825,-3.4214419585285825,0.0,9705.869593422605,770.7148962484864,739.4777394505579,-31.237156797928492,3.813425553781823,90.27528741862258,0
0xA9f484902d2905e4d95513C4e7d06CA08211bd4b,MATIC,ZM,0.015384615384615384,2022-08-12 03:38:13,2022-08-12 13:30:00,2022-08-12 14:00:00,108.180151,1.3803000761945698,1.3856142314879187,1.3856142314879187,0.0,9705.869593422605,149.32107066804008,95.74191820479676,-53.57915246324332,0.4952771092290611,0.8850229669655089,0
0xA9f484902d2905e4d95513C4e7d06CA08211bd4b,MATIC,BTCUSDT,0.09264160931709899,2022-08-12 03:38:13,2022-08-12 13:30:00,2022-08-12 14:00:00,23828.120974,0.03773555539430456,1.9372141696662777,1.9372141696662777,0.0,9705.869593422605,899.1673789565674,0.0,-899.1673789565674,0.03773555539430456,0.0,0
0xA9f484902d2905e4d95513C4e7d06CA08211bd4b,MATIC,CDK,0.015384615384615384,2022-08-12 03:38:13,2022-08-12 13:30:00,2022-08-12 14:00:00,0.0,0.0,0.0,0.0,0.0,9705.869593422605,0.0,0.0,0.0,0.0,0.0,0
0xA9f484902d2905e4d95513C4e7d06CA08211bd4b,MATIC,PLBC,-0.030769230769230767,2022-08-12 03:38:13,2022-08-12 13:30:00,2022-08-12 14:00:00,31.99,-9.335484255582374,0.8401935830024123,0.0,0.8401935830024123,9705.869593422605,-298.64214133608016,-200.0,98.64214133608016,-3.0835305200400174,-6.251953735542357,0
0xA9f484902d2905e4d95513C4e7d06CA08211bd4b,MATIC,SAL,-0.030769230769230767,2022-08-12 03:38:13,2022-08-12 13:30:00,2022-08-12 14:00:00,23.25,-12.844823283272264,-1.9267234924908214,0.0,-1.9267234924908214,9705.869593422605,-298.64214133608016,-200.0,98.64214133608016,-4.242672745637856,-8.602150537634408,0
0xA9f484902d2905e4d95513C4e7d06CA08211bd4b,MATIC,LOGC,0.015384615384615384,2022-08-12 03:38:13,2022-08-12 13:30:00,2022-08-12 14:00:00,0.627648,237.90575397044216,-50.092721838754386,-50.092721838754386,0.0,9705.869593422605,149.32107066804008,98.68679245283018,-50.6342782152099,80.67304956792645,157.2327044025157,0
0xA9f484902d2905e4d95513C4e7d06CA08211bd4b,MATIC,PUBM,0.0,2022-08-12 03:38:13,2022-08-12 13:30:00,2022-08-12 14:00:00,22.876667,0.0,0.0,0.0,0.0,9705.869593422605,0.0,100.54007290217275,100.54007290217275,-4.394874170357629,4.394874170357629,0
0xA9f484902d2905e4d95513C4e7d06CA08211bd4b,MATIC,STIM,-0.030769230769230767,2022-08-12 03:38:13,2022-08-12 13:30:00,2022-08-12 14:00:00,4.485577,-66.57831118183461,11.138285147476225,0.0,11.138285147476225,9705.869593422605,-298.64214133608016,-203.29679145112124,95.34534988495892,-21.255983318301954,-45.32232786353266,0
0xA9f484902d2905e4d95513C4e7d06CA08211bd4b,MATIC,RUBY,0.015384615384615384,2022-08-12 03:38:13,2022-08-12 13:30:00,2022-08-12 14:00:00,0.772475,193.30214009261152,3.890205569363797,3.890205569363797,0.0,9705.869593422605,149.32107066804008,96.95896714333948,-52.3621035247006,67.7848519689318,125.5172881236797,0
0xA9f484902d2905e4d95513C4e7d06CA08211bd4b,MATIC,UUP,0.06,2022-08-12 20:55:52,2022-08-12 13:30:00,2022-08-15 13:00:00,28.377403,21.10494819547594,0.0,0.0,0.0,9981.72700395239,598.9036202371434,2579.4219153145027,1980.5182950773592,-69.79209109013108,90.89703928560702,0
0xA9f484902d2905e4d95513C4e7d06CA08211bd4b,MATIC,UUP,0.25,2022-08-12 21:05:44,2022-08-12 13:30:00,2022-08-15 13:00:00,28.377403,87.9372841478164,0.0,0.0,0.0,9981.72700395239,2495.4317509880975,598.9036202371436,-1896.528130750954,66.83233595234046,21.10494819547594,0
0xA9f484902d2905e4d95513C4e7d06CA08211bd4b,MATIC,UUP,0.05,2022-08-12 20:29:26,2022-08-12 13:30:00,2022-08-15 13:00:00,28.377403,17.58745682956328,0.0,0.0,0.0,9981.72700395239,499.08635019761954,2495.4317509880975,1996.345400790478,-70.34982731825312,87.9372841478164,0
0xA9f484902d2905e4d95513C4e7d06CA08211bd4b,MATIC,UUP,0.25,2022-08-12 20:20:10,2022-08-12 13:30:00,2022-08-15 13:00:00,28.377403,87.9372841478164,0.0,0.0,0.0,9981.72700395239,2495.4317509880975,499.08635019761954,-1996.345400790478,70.34982731825312,17.58745682956328,0
0xA9f484902d2905e4d95513C4e7d06CA08211bd4b,MATIC,UUP,0.33,2022-08-12 20:11:04,2022-08-12 13:30:00,2022-08-15 13:00:00,28.377403,116.07721507511765,0.0,0.0,0.0,9981.72700395239,3293.969911304289,2495.4317509880975,-798.5381603161914,28.13993092730125,87.9372841478164,0
0xA9f484902d2905e4d95513C4e7d06CA08211bd4b,MATIC,UUP,0.10,2022-08-12 20:23:18,2022-08-12 13:30:00,2022-08-15 13:00:00,28.377403,35.174913659126574,1.498345797137838,1.498345797137838,0.0,9981.72700395239,998.1727003952391,3293.969911304289,2295.7972109090497,-80.90230141599108,116.07721507511765,0
0xA9f484902d2905e4d95513C4e7d06CA08211bd4b,MATIC,UUP,0.25,2022-08-13 12:20:13,2022-08-15 13:30:00,2022-08-15 14:00:00,28.42,87.80548033033418,0.0,0.0,0.0,9981.72700395239,2495.4317509880975,999.6710461923773,-1495.7607047957204,52.63056667120761,35.174913659126574,0
0xA9f484902d2905e4d95513C4e7d06CA08211bd4b,MATIC,UUP,0.25,2022-08-13 12:47:29,2022-08-15 13:30:00,2022-08-15 14:00:00,28.42,87.80548033033418,2.873434343810118,2.873434343810118,0.0,9981.72700395239,2495.4317509880975,2495.4317509880975,0.0,-0.0,87.80548033033418,0
0xA9f484902d2905e4d95513C4e7d06CA08211bd4b,MATIC,UUP,0.25,2022-08-15 16:26:43,2022-08-15 13:30:00,2022-08-15 17:00:00,28.452725,87.70449055364988,7.1829100718533665,7.1829100718533665,0.0,9981.72700395239,2495.4317509880975,2498.3051853319075,2.873434343810004,-0.10098977668430718,87.80548033033418,0
0xA9f484902d2905e4d95513C4e7d06CA08211bd4b,MATIC,UUP,0.25,2022-08-15 19:40:11,2022-08-15 13:30:00,2022-08-16 13:00:00,28.534624,83.86688563171393,-5.839148045222536,-5.839148045222536,0.0,9572.440190207839,2393.1100475519597,2502.6146610599512,109.50461350799151,-3.837604921935944,87.70449055364988,0
0xA9f484902d2905e4d95513C4e7d06CA08211bd4b,MATIC,MGTA,0.0,2022-08-16 17:36:48,2022-08-16 13:30:00,2022-08-16 18:00:00,1.6458,0.0,-0.0,0.0,-0.0,9572.440190207839,0.0,-287.15003339488385,-287.15003339488385,174.47444002605656,-174.47444002605656,0
0xA9f484902d2905e4d95513C4e7d06CA08211bd4b,MATIC,AAP,0.21428571428571425,2022-08-16 17:36:48,2022-08-16 13:30:00,2022-08-16 18:00:00,211.470273,9.699884312420428,0.0,0.0,0.0,9572.440190207839,2051.237183615965,2213.905974978904,162.66879136293892,-0.7692276983202218,10.46911201074065,0
0xA9f484902d2905e4d95513C4e7d06CA08211bd4b,MATIC,AAPL,0.12121303788852755,2022-08-16 17:36:48,2022-08-16 13:30:00,2022-08-16 18:00:00,172.801309,6.71467457148329,0.0,0.0,0.0,9572.440190207839,1160.3045554613266,1064.118995325538,-96.18556013578859,0.5566251823693569,6.158049389113933,0
0xA9f484902d2905e4d95513C4e7d06CA08211bd4b,MATIC,ADTX,0.0,2022-08-16 17:36:48,2022-08-16 13:30:00,2022-08-16 18:00:00,0.1686,0.0,0.0,0.0,0.0,9572.440190207839,0.0,149.8543602061402,149.8543602061402,-888.8158968335717,888.8158968335717,0
0xA9f484902d2905e4d95513C4e7d06CA08211bd4b,MATIC,AGLE,0.0,2022-08-16 17:36:48,2022-08-16 13:30:00,2022-08-16 18:00:00,0.522134,0.0,0.0,0.0,0.0,9572.440190207839,0.0,152.4781946288089,152.4781946288089,-292.0288558661357,292.0288558661357,0
0xA9f484902d2905e4d95513C4e7d06CA08211bd4b,MATIC,ALNA,0.028571428571428574,2022-08-16 17:36:48,2022-08-16 13:30:00,2022-08-16 18:00:00,0.11827,2312.4908357892573,0.0,0.0,0.0,9572.440190207839,273.49829114879543,145.61513050716604,-127.88316064162939,1081.2814800171589,1231.2093557720982,0
0xA9f484902d2905e4d95513C4e7d06CA08211bd4b,MATIC,AXLA,-0.05714285714285715,2022-08-16 17:36:48,2022-08-16 13:30:00,2022-08-16 18:00:00,2.72,-201.1016846682319,0.0,0.0,0.0,9572.440190207839,-546.9965822975909,-346.7473436818002,200.24923861579066,-73.62104360874656,-127.48064105948535,0
0xA9f484902d2905e4d95513C4e7d06CA08211bd4b,MATIC,BTCUSDT,0.09264160931709899,2022-08-16 17:36:48,2022-08-16 13:30:00,2022-08-16 18:00:00,23879.457549,0.037136784304787035,0.0,0.0,0.0,9572.440190207839,886.8062643125313,901.1045931262336,14.298328813702256,-0.0005987710895175266,0.03773555539430456,0
0xA9f484902d2905e4d95513C4e7d06CA08211bd4b,MATIC,BDSX,0.0,2022-08-16 17:36:48,2022-08-16 13:30:00,2022-08-16 18:00:00,2.456,0.0,0.0,0.0,0.0,9572.440190207839,0.0,-289.90715380293,-289.90715380293,118.04037206959691,-118.04037206959691,0
0xA9f484902d2905e4d95513C4e7d06CA08211bd4b,MATIC,MSFT,0.028571428571428574,2022-08-16 17:36:48,2022-08-16 13:30:00,2022-08-16 18:00:00,292.852572,0.9339111802261906,0.0,0.0,0.0,9572.440190207839,273.49829114879543,151.68959812200734,-121.80869302678809,0.415938614419231,0.5179725658069595,0
0xA9f484902d2905e4d95513C4e7d06CA08211bd4b,MATIC,CAPR,0.0,2022-08-16 17:36:48,2022-08-16 13:30:00,2022-08-16 18:00:00,5.159835,0.0,-0.0,0.0,-0.0,9572.440190207839,0.0,-294.56998074823736,-294.56998074823736,57.08903109270691,-57.08903109270691,0
0xA9f484902d2905e4d95513C4e7d06CA08211bd4b,MATIC,CFRX,0.0,2022-08-16 17:36:48,2022-08-16 13:30:00,2022-08-16 18:00:00,0.327447,-5.684341886080802e-14,4.2331294025643623e-16,0.0,4.2331294025643623e-16,9572.440190207839,0.0,157.724956861412,157.724956861412,-481.68087312271,481.68087312270995,0
0xA9f484902d2905e4d95513C4e7d06CA08211bd4b,MATIC,CORN,0.07940709370037057,2022-08-16 17:36:48,2022-08-16 13:30:00,2022-08-16 18:00:00,24.79625,30.65462136915973,0.0,0.0,0.0,9572.440190207839,760.119655125027,755.5320424265996,-4.587612698427392,0.18501235866017612,30.469609010499553,0
0xA9f484902d2905e4d95513C4e7d06CA08211bd4b,MATIC,GOCO,0.0,2022-08-16 17:36:48,2022-08-16 13:30:00,2022-08-16 18:00:00,0.594813,0.0,-0.0,0.0,-0.0,9572.440190207839,0.0,122.25480248763789,122.25480248763789,-205.53485294981428,205.53485294981428,0
0xA9f484902d2905e4d95513C4e7d06CA08211bd4b,MATIC,CREX,0.0,2022-08-16 17:36:48,2022-08-16 13:30:00,2022-08-16 18:00:00,0.6531,-2.842170943040401e-14,-0.0,0.0,-0.0,9572.440190207839,0.0,141.33563949753187,141.33563949753187,-216.40734879426103,216.407348794261,0
0xA9f484902d2905e4d95513C4e7d06CA08211bd4b,MATIC,CRWD,0.03732133403917416,2022-08-16 17:36:48,2022-08-16 13:30:00,2022-08-16 18:00:00,199.448991,1.7912160704225504,0.0,0.0,0.0,9572.440190207839,357.2562379087626,510.09370808125664,152.83747017249402,-0.7662985378175917,2.557514608240142,0
0xA9f484902d2905e4d95513C4e7d06CA08211bd4b,MATIC,APPS,0.0,2022-08-16 17:36:48,2022-08-16 13:30:00,2022-08-16 18:00:00,24.69589,0.0,-0.0,0.0,-0.0,9572.440190207839,0.0,159.88172794181713,159.88172794181713,-6.474021707329323,6.474021707329323,0
0xA9f484902d2905e4d95513C4e7d06CA08211bd4b,MATIC,EAR,0.0,2022-08-16 17:36:48,2022-08-16 13:30:00,2022-08-16 18:00:00,1.483348,0.0,0.0,0.0,0.0,9572.440190207839,0.0,223.74735238237696,223.74735238237696,-150.8394202725031,150.8394202725031,0
0xA9f484902d2905e4d95513C4e7d06CA08211bd4b,MATIC,AMD,0.028571428571428574,2022-08-16 17:36:48,2022-08-16 13:30:00,2022-08-16 18:00:00,100.300455,2.726790134190273,-4.341341660175269,-4.341341660175269,0.0,9572.440190207839,273.49829114879543,148.7339804208185,-124.76431072797692,1.243905730317743,1.48288440387253,0
0xA9f484902d2905e4d95513C4e7d06CA08211bd4b,MATIC,ECOR,0.0,2022-08-16 17:36:48,2022-08-16 13:30:00,2022-08-16 18:00:00,0.657,0.0,0.0,0.0,0.0,9572.440190207839,0.0,-292.84759232508156,-292.84759232508156,445.7345393075823,-445.7345393075823,0
0xA9f484902d2905e4d95513C4e7d06CA08211bd4b,MATIC,ETSY,0.0,2022-08-16 17:36:48,2022-08-16 13:30:00,2022-08-16 18:00:00,121.837653,0.0,-0.0,0.0,-0.0,9572.440190207839,0.0,153.7683167822724,153.7683167822724,-1.2620754996181056,1.2620754996181056,0
0xA9f484902d2905e4d95513C4e7d06CA08211bd4b,MATIC,EYES,-0.05714285714285715,2022-08-16 17:36:48,2022-08-16 13:30:00,2022-08-16 18:00:00,1.921498,-284.6719498524541,8.46842116421077,0.0,8.46842116421077,9572.440190207839,-546.9965822975909,-285.8086288887493,261.18795340884157,-135.92933919725212,-148.742610655202,0
0xA9f484902d2905e4d95513C4e7d06CA08211bd4b,MATIC,F,0.036262572789835884,2022-08-16 17:36:48,2022-08-16 13:30:00,2022-08-16 18:00:00,16.572365,20.945791935777553,0.0,0.0,0.0,9572.440190207839,347.1213091737622,365.79861382926174,18.67730465549954,-1.1270150431455943,22.072806978923147,0
0xA9f484902d2905e4d95513C4e7d06CA08211bd4b,MATIC,FANG,0.0,2022-08-16 17:36:48,2022-08-16 13:30:00,2022-08-16 18:00:00,125.080431,0.0,0.0,0.0,0.0,9572.440190207839,0.0,142.83599510731722,142.83599510731722,-1.1419531733730373,1.1419531733730373,0
0xA9f484902d2905e4d95513C4e7d06CA08211bd4b,MATIC,FTNT,0.0,2022-08-16 17:36:48,2022-08-16 13:30:00,2022-08-16 18:00:00,53.053562,0.0,-0.0,0.0,-0.0,9572.440190207839,0.0,148.73543163541655,148.73543163541655,-2.8034956754725826,2.8034956754725826,0
0xA9f484902d2905e4d95513C4e7d06CA08211bd4b,MATIC,CSBR,-0.05714285714285715,2022-08-16 17:36:48,2022-08-16 13:30:00,2022-08-16 18:00:00,9.4,-58.191125776339454,0.0,0.0,0.0,9572.440190207839,-546.9965822975909,-296.43464926707003,250.56193303052083,-26.65552479048094,-31.535600985858515,0
0xA9f484902d2905e4d95513C4e7d06CA08211bd4b,MATIC,LTRPB,-0.05714285714285715,2022-08-16 17:36:48,2022-08-16 13:30:00,2022-08-16 18:00:00,43.11,-12.688392073708904,0.0,0.0,0.0,9572.440190207839,-546.9965822975909,-499.0101826743571,47.98639962323375,-1.113115277736807,-11.575276795972098,0
0xA9f484902d2905e4d95513C4e7d06CA08211bd4b,MATIC,LHCG,0.0,2022-08-16 17:36:48,2022-08-16 13:30:00,2022-08-16 18:00:00,162.491172,0.0,-0.0,0.0,-0.0,9572.440190207839,0.0,149.0628037246457,149.0628037246457,-0.9173593979902225,0.9173593979902225,0
0xA9f484902d2905e4d95513C4e7d06CA08211bd4b,MATIC,LOGC,0.0,2022-08-16 17:36:48,2022-08-16 13:30:00,2022-08-16 18:00:00,0.417091,0.0,-0.0,0.0,-0.0,9572.440190207839,0.0,99.2283488292857,99.2283488292857,-237.90575397044216,237.90575397044216,0
0xA9f484902d2905e4d95513C4e7d06CA08211bd4b,MATIC,LWAY,0.0,2022-08-16 17:36:48,2022-08-16 13:30:00,2022-08-16 18:00:00,6.06,0.0,0.0,0.0,0.0,9572.440190207839,0.0,-200.0,-200.0,33.00330033003301,-33.00330033003301,0
0xA9f484902d2905e4d95513C4e7d06CA08211bd4b,MATIC,LYRA,-0.05714285714285715,2022-08-16 17:36:48,2022-08-16 13:30:00,2022-08-16 18:00:00,6.34,-86.27706345387868,-0.0,0.0,-0.0,9572.440190207839,-546.9965822975909,-195.00192233756246,351.9946599600284,-55.519662454263155,-30.75740099961553,0
0xA9f484902d2905e4d95513C4e7d06CA08211bd4b,MATIC,DBVT,0.0,2022-08-16 17:36:48,2022-08-16 13:30:00,2022-08-16 18:00:00,2.64,0.0,-0.0,0.0,-0.0,9572.440190207839,0.0,-292.00564930638944,-292.00564930638944,110.60820049484448,-110.60820049484448,0
0xA9f484902d2905e4d95513C4e7d06CA08211bd4b,MATIC,META,0.47619047619047616,2022-08-16 17:36:48,2022-08-16 13:30:00,2022-08-16 18:00:00,179.493943,25.39531293532241,0.0,0.0,0.0,9572.440190207839,4558.304852479923,4613.688368889954,55.38351641003101,-0.3085536786610733,25.703866613983482,0
0xA9f484902d2905e4d95513C4e7d06CA08211bd4b,MATIC,INZY,0.0,2022-08-16 17:36:48,2022-08-16 13:30:00,2022-08-16 18:00:00,3.687324,0.0,-0.0,0.0,-0.0,9572.440190207839,0.0,-320.9649597041221,-320.9649597041221,87.04549958292847,-87.04549958292847,0
0xA9f484902d2905e4d95513C4e7d06CA08211bd4b,MATIC,MBCN,0.0,2022-08-16 17:36:48,2022-08-16 13:30:00,2022-08-16 18:00:00,27.519701,0.0,0.0,0.0,0.0,9572.440190207839,0.0,-308.96776073566417,-308.96776073566417,11.227148170529329,-11.227148170529329,0
0xA9f484902d2905e4d95513C4e7d06CA08211bd4b,MATIC,OILK,0.07940709370037057,2022-08-16 17:36:48,2022-08-16 13:30:00,2022-08-16 18:00:00,47.69,15.938763999266659,0.0,0.0,0.0,9572.440190207839,760.119655125027,736.1384618884501,-23.981193236576814,0.5028558028219084,15.43590819644475,0
0xA9f484902d2905e4d95513C4e7d06CA08211bd4b,MATIC,TTOO,0.0,2022-08-16 17:36:48,2022-08-16 13:30:00,2022-08-16 18:00:00,0.159367,0.0,-0.0,0.0,-0.0,9572.440190207839,0.0,123.25121231615293,123.25121231615293,-773.3797606540434,773.3797606540434,0
0xA9f484902d2905e4d95513C4e7d06CA08211bd4b,MATIC,OKTA,0.0,2022-08-16 17:36:48,2022-08-16 13:30:00,2022-08-16 18:00:00,106.479622,0.0,-0.0,0.0,-0.0,9572.440190207839,0.0,155.2800725196135,155.2800725196135,-1.4583078865514143,1.4583078865514143,0
0xA9f484902d2905e4d95513C4e7d06CA08211bd4b,MATIC,REFR,-0.05714285714285715,2022-08-16 17:36:48,2022-08-16 13:30:00,2022-08-16 18:00:00,2.23,-245.2899472186506,-0.0,0.0,-0.0,9572.440190207839,-546.9965822975909,0.0,546.9965822975909,-245.2899472186506,0.0,0
0xA9f484902d2905e4d95513C4e7d06CA08211bd4b,MATIC,OPTN,-0.05714285714285715,2022-08-16 17:36:48,2022-08-16 13:30:00,2022-08-16 18:00:00,3.98,-137.43632721044997,0.0,0.0,0.0,9572.440190207839,-546.9965822975909,-331.5543226955132,215.44225960207768,-54.131221005547154,-83.30510620490281,0
0xA9f484902d2905e4d95513C4e7d06CA08211bd4b,MATIC,TSLA,0.028571428571428574,2022-08-16 17:36:48,2022-08-16 13:30:00,2022-08-16 18:00:00,925.50087,0.29551381312996006,0.0,0.0,0.0,9572.440190207839,273.49829114879543,159.29399479717856,-114.20429635161688,0.12339728686761459,0.17211652626234544,0
0xA9f484902d2905e4d95513C4e7d06CA08211bd4b,MATIC,PLRX,0.0,2022-08-16 17:36:48,2022-08-16 13:30:00,2022-08-16 18:00:00,20.038972,-1.7763568394002505e-15,-2.9774938070658653e-16,0.0,-2.9774938070658653e-16,9572.440190207839,0.0,-288.22253479288287,-288.22253479288287,14.383099831312846,-14.383099831312848,0
0xA9f484902d2905e4d95513C4e7d06CA08211bd4b,MATIC,PRAX,0.0,2022-08-16 17:36:48,2022-08-16 13:30:00,2022-08-16 18:00:00,4.331053,0.0,0.0,0.0,0.0,9572.440190207839,0.0,150.49156171209648,150.49156171209648,-34.74710693036924,34.74710693036924,0
0xA9f484902d2905e4d95513C4e7d06CA08211bd4b,MATIC,PRCH,0.0,2022-08-16 17:36:48,2022-08-16 13:30:00,2022-08-16 18:00:00,3.016775,0.0,0.0,0.0,0.0,9572.440190207839,0.0,141.69401076717304,141.69401076717304,-46.96870358816055,46.96870358816055,0
0xA9f484902d2905e4d95513C4e7d06CA08211bd4b,MATIC,PLBC,0.0,2022-08-16 17:36:48,2022-08-16 13:30:00,2022-08-16 18:00:00,31.9,0.0,0.0,0.0,0.0,9572.440190207839,0.0,-297.80194775307774,-297.80194775307774,9.335484255582374,-9.335484255582374,0
0xA9f484902d2905e4d95513C4e7d06CA08211bd4b,MATIC,RUBY,0.0,2022-08-16 17:36:48,2022-08-16 13:30:00,2022-08-16 18:00:00,0.7926,0.0,-0.0,0.0,-0.0,9572.440190207839,0.0,153.2112762374039,153.2112762374039,-193.30214009261152,193.30214009261152,0
0xA9f484902d2905e4d95513C4e7d06CA08211bd4b,MATIC,SAL,-0.05714285714285715,2022-08-16 17:36:48,2022-08-16 13:30:00,2022-08-16 18:00:00,23.4,-23.37592232040987,-0.0,0.0,-0.0,9572.440190207839,-546.9965822975909,-300.56886482857095,246.4277174690199,-10.531099037137604,-12.844823283272264,0
0xA9f484902d2905e4d95513C4e7d06CA08211bd4b,MATIC,SNGX,-0.05714285714285715,2022-08-16 17:36:48,2022-08-16 13:30:00,2022-08-16 18:00:00,0.887686,-616.2050345477915,0.0,0.0,0.0,9572.440190207839,-546.9965822975909,-310.02274339148596,236.9738389061049,-266.95682809699025,-349.24820645080126,0
0xA9f484902d2905e4d95513C4e7d06CA08211bd4b,MATIC,STIM,0.0,2022-08-16 17:36:48,2022-08-16 13:30:00,2022-08-16 18:00:00,4.318281,0.0,-0.0,0.0,-0.0,9572.440190207839,0.0,-287.5038561886039,-287.5038561886039,66.57831118183461,-66.57831118183461,0
0xA9f484902d2905e4d95513C4e7d06CA08211bd4b,MATIC,TNXP,0.0,2022-08-16 17:36:48,2022-08-16 13:30:00,2022-08-16 18:00:00,1.489211,0.0,-0.0,0.0,-0.0,9572.440190207839,0.0,158.67767826885915,158.67767826885915,-106.55150832814097,106.55150832814097,0
0xA9f484902d2905e4d95513C4e7d06CA08211bd4b,MATIC,NFLX,0.3095238095238095,2022-08-16 17:36:48,2022-08-16 13:30:00,2022-08-16 18:00:00,247.225451,11.984600056860447,0.0,0.0,0.0,9572.440190207839,2962.8981541119497,3028.956373692328,66.05821958037814,-0.2671982973968895,12.251798354257337,0
0xA9f484902d2905e4d95513C4e7d06CA08211bd4b,MATIC,REAL,0.0,2022-08-16 17:36:48,2022-08-16 13:30:00,2022-08-16 18:00:00,3.314035,7.105427357601002e-15,-1.1264305044278443e-15,-1.1264305044278443e-15,0.0,9572.440190207839,0.0,174.2300228858601,174.2300228858601,-52.57338045188421,52.57338045188422,0
0xA9f484902d2905e4d95513C4e7d06CA08211bd4b,MATIC,TTD,0.0,2022-08-16 17:36:48,2022-08-16 13:30:00,2022-08-16 18:00:00,74.127872,0.0,-0.0,0.0,-0.0,9572.440190207839,0.0,151.60795404555867,151.60795404555867,-2.0452219921483605,2.0452219921483605,0
0xA9f484902d2905e4d95513C4e7d06CA08211bd4b,MATIC,ROKU,0.0,2022-08-16 17:36:48,2022-08-16 13:30:00,2022-08-16 18:00:00,85.230228,2.220446049250313e-16,-8.113669736076189e-16,-8.113669736076189e-16,0.0,9572.440190207839,0.0,156.11921736789066,156.11921736789066,-1.831735301328663,1.8317353013286632,0
0xA9f484902d2905e4d95513C4e7d06CA08211bd4b,MATIC,UUP,0.2646903123345686,2022-08-16 17:36:48,2022-08-16 13:30:00,2022-08-16 18:00:00,28.465,89.01219686457368,0.0,0.0,0.0,9572.440190207839,2533.73218375009,2387.270899506737,-146.46128424335302,5.1453112328597586,83.86688563171393,0
0xA9f484902d2905e4d95513C4e7d06CA08211bd4b,MATIC,UUUU,0.2382212811011117,2022-08-16 17:36:48,2022-08-16 13:30:00,2022-08-16 18:00:00,6.798117,335.4397938980869,0.0,0.0,0.0,9572.440190207839,2280.358965375081,2263.998091087819,-16.36087428726205,2.4066773618727137,333.0331165362142,0
0xA9f484902d2905e4d95513C4e7d06CA08211bd4b,MATIC,VERU,0.0,2022-08-16 17:36:48,2022-08-16 13:30:00,2022-08-16 18:00:00,23.142524,0.0,0.0,0.0,0.0,9572.440190207839,0.0,-432.0988208404038,-432.0988208404038,18.671205476135782,-18.671205476135782,0
0xA9f484902d2905e4d95513C4e7d06CA08211bd4b,MATIC,WEAT,0.07940709370037057,2022-08-16 17:36:48,2022-08-16 13:30:00,2022-08-16 18:00:00,8.155,93.20903189761214,0.0,0.0,0.0,9572.440190207839,760.119655125027,767.2934542899579,7.173799164930983,-0.8796810747922728,94.08871297240441,0
0xA9f484902d2905e4d95513C4e7d06CA08211bd4b,MATIC,ZM,0.0,2022-08-16 17:36:48,2022-08-16 13:30:00,2022-08-16 18:00:00,109.184001,2.220446049250313e-16,-8.514757787736465e-16,-8.514757787736465e-16,0.0,9572.440190207839,0.0,150.70668489952797,150.70668489952797,-1.3803000761945696,1.3803000761945698,0
0xA9f484902d2905e4d95513C4e7d06CA08211bd4b,MATIC,AVGO,0.028571428571428574,2022-08-16 17:36:48,2022-08-16 13:30:00,2022-08-16 18:00:00,554.188021,0.49351173389724967,-6.643551817772421,-6.643551817772421,0.0,9572.440190207839,273.49829114879543,0.0,-273.49829114879543,0.49351173389724967,0.0,0
0xA9f484902d2905e4d95513C4e7d06CA08211bd4b,MATIC,BIOL,-0.05714285714285715,2022-08-16 17:36:48,2022-08-16 13:30:00,2022-08-16 18:00:00,4.98,-109.83867114409455,-0.0,0.0,-0.0,9572.440190207839,-546.9965822975909,0.0,546.9965822975909,-109.83867114409455,0.0,0
0xA9f484902d2905e4d95513C4e7d06CA08211bd4b,MATIC,CDLX,0.028571428571428574,2022-08-16 17:36:48,2022-08-16 13:30:00,2022-08-16 18:00:00,17.196486,15.904312726960347,-3.9630366453039643,-3.9630366453039643,0.0,9572.440190207839,273.49829114879543,0.0,-273.49829114879543,15.904312726960347,0.0,0
0xA9f484902d2905e4d95513C4e7d06CA08211bd4b,MATIC,AMZN,0.028571428571428574,2022-08-16 17:36:48,2022-08-16 13:30:00,2022-08-16 18:00:00,145.551948,1.8790424649541304,0.0,0.0,0.0,9572.440190207839,273.49829114879543,0.0,-273.49829114879543,1.8790424649541304,0.0,0
0xA9f484902d2905e4d95513C4e7d06CA08211bd4b,MATIC,ENDP,0.028571428571428574,2022-08-16 17:36:48,2022-08-16 13:30:00,2022-08-16 18:00:00,0.376261,726.8845060976168,0.0,0.0,0.0,9572.440190207839,273.49829114879543,0.0,-273.49829114879543,726.8845060976168,0.0,0
0xA9f484902d2905e4d95513C4e7d06CA08211bd4b,MATIC,IDRA,0.028571428571428574,2022-08-16 17:36:48,2022-08-16 13:30:00,2022-08-16 18:00:00,0.4441,615.8484376239483,0.0,0.0,0.0,9572.440190207839,273.49829114879543,0.0,-273.49829114879543,615.8484376239483,0.0,0
0xA9f484902d2905e4d95513C4e7d06CA08211bd4b,MATIC,INTU,0.028571428571428574,2022-08-16 17:36:48,2022-08-16 13:30:00,2022-08-16 18:00:00,488.32991,0.5600686862469584,-5.67667586168219,-5.67667586168219,0.0,9572.440190207839,273.49829114879543,0.0,-273.49829114879543,0.5600686862469584,0.0,0
0xA9f484902d2905e4d95513C4e7d06CA08211bd4b,MATIC,MANT,0.028571428571428574,2022-08-16 17:36:48,2022-08-16 13:30:00,2022-08-16 18:00:00,95.867119,2.8528894369799036,-0.19373972166529868,-0.19373972166529868,0.0,9572.440190207839,273.49829114879543,0.0,-273.49829114879543,2.8528894369799036,0.0,0
0xA9f484902d2905e4d95513C4e7d06CA08211bd4b,MATIC,NVDA,0.028571428571428574,2022-08-16 17:36:48,2022-08-16 13:30:00,2022-08-16 18:00:00,189.08948,1.4463961249922281,0.0,0.0,0.0,9572.440190207839,273.49829114879543,0.0,-273.49829114879543,1.4463961249922281,0.0,0
0xA9f484902d2905e4d95513C4e7d06CA08211bd4b,MATIC,OPEN,0.028571428571428574,2022-08-16 17:36:48,2022-08-16 13:30:00,2022-08-16 18:00:00,5.81421,47.03963068908681,-21.63042153828554,-21.63042153828554,0.0,9572.440190207839,273.49829114879543,0.0,-273.49829114879543,47.03963068908681,0.0,0
0xA9f484902d2905e4d95513C4e7d06CA08211bd4b,MATIC,DOCU,0.028571428571428574,2022-08-16 17:36:48,2022-08-16 13:30:00,2022-08-16 18:00:00,74.778764,3.6574326255084326,0.0,0.0,0.0,9572.440190207839,273.49829114879543,0.0,-273.49829114879543,3.6574326255084326,0.0,0
0xA9f484902d2905e4d95513C4e7d06CA08211bd4b,MATIC,ADTX,0.0,2022-08-16 19:43:24,2022-08-16 13:30:00,2022-08-17 13:00:00,0.1715,0.0,0.0,0.0,0.0,9550.06233288948,0.0,0.0,0.0,-0.0,0.0,0
0xA9f484902d2905e4d95513C4e7d06CA08211bd4b,MATIC,EAR,0.0,2022-08-16 19:43:24,2022-08-16 13:30:00,2022-08-17 13:00:00,2.766228,0.0,0.0,0.0,0.0,9550.06233288948,0.0,0.0,0.0,-0.0,0.0,0
0xA9f484902d2905e4d95513C4e7d06CA08211bd4b,MATIC,AGLE,0.0,2022-08-16 19:43:24,2022-08-16 13:30:00,2022-08-17 13:00:00,0.538379,0.0,0.0,0.0,0.0,9550.06233288948,0.0,0.0,0.0,-0.0,0.0,0
0xA9f484902d2905e4d95513C4e7d06CA08211bd4b,MATIC,AMD,0.0,2022-08-16 19:43:24,2022-08-16 13:30:00,2022-08-17 13:00:00,98.708348,0.0,0.0,0.0,0.0,9550.06233288948,0.0,269.15694948862017,269.15694948862017,-2.726790134190273,2.726790134190273,0
0xA9f484902d2905e4d95513C4e7d06CA08211bd4b,MATIC,APPS,0.0,2022-08-16 19:43:24,2022-08-16 13:30:00,2022-08-17 13:00:00,24.327599,0.0,0.0,0.0,0.0,9550.06233288948,0.0,0.0,0.0,-0.0,0.0,0
0xA9f484902d2905e4d95513C4e7d06CA08211bd4b,MATIC,CAPR,0.0,2022-08-16 19:43:24,2022-08-16 13:30:00,2022-08-17 13:00:00,5.12,0.0,0.0,0.0,0.0,9550.06233288948,0.0,0.0,0.0,-0.0,0.0,0
0xA9f484902d2905e4d95513C4e7d06CA08211bd4b,MATIC,CREX,0.0,2022-08-16 19:43:24,2022-08-16 13:30:00,2022-08-17 13:00:00,0.6531,0.0,0.0,0.0,0.0,9550.06233288948,0.0,-1.8562218428996858e-14,-1.8562218428996858e-14,2.842170943040401e-14,-2.842170943040401e-14,0
0xA9f484902d2905e4d95513C4e7d06CA08211bd4b,MATIC,DBVT,0.0,2022-08-16 19:43:24,2022-08-16 13:30:00,2022-08-17 13:00:00,2.58,0.0,0.0,0.0,0.0,9550.06233288948,0.0,0.0,0.0,-0.0,0.0,0
0xA9f484902d2905e4d95513C4e7d06CA08211bd4b,MATIC,MGTA,0.0,2022-08-16 19:43:24,2022-08-16 13:30:00,2022-08-17 13:00:00,1.635028,0.0,0.0,0.0,0.0,9550.06233288948,0.0,0.0,0.0,-0.0,0.0,0
0xA9f484902d2905e4d95513C4e7d06CA08211bd4b,MATIC,LHCG,0.0,2022-08-16 19:43:24,2022-08-16 13:30:00,2022-08-17 13:00:00,162.257199,0.0,0.0,0.0,0.0,9550.06233288948,0.0,0.0,0.0,-0.0,0.0,0
0xA9f484902d2905e4d95513C4e7d06CA08211bd4b,MATIC,EYES,0.0,2022-08-16 19:43:24,2022-08-16 13:30:00,2022-08-17 13:00:00,1.89175,0.0,0.0,0.0,0.0,9550.06233288948,0.0,-538.52816113338,-538.52816113338,284.6719498524541,-284.6719498524541,0
0xA9f484902d2905e4d95513C4e7d06CA08211bd4b,MATIC,FANG,0.0,2022-08-16 19:43:24,2022-08-16 13:30:00,2022-08-17 13:00:00,125.599881,0.0,0.0,0.0,0.0,9550.06233288948,0.0,0.0,0.0,-0.0,0.0,0
0xA9f484902d2905e4d95513C4e7d06CA08211bd4b,MATIC,FTNT,0.0,2022-08-16 19:43:24,2022-08-16 13:30:00,2022-08-17 13:00:00,52.277767,0.0,0.0,0.0,0.0,9550.06233288948,0.0,0.0,0.0,-0.0,0.0,0
0xA9f484902d2905e4d95513C4e7d06CA08211bd4b,MATIC,GOCO,0.0,2022-08-16 19:43:24,2022-08-16 13:30:00,2022-08-17 13:00:00,0.58,0.0,0.0,0.0,0.0,9550.06233288948,0.0,0.0,0.0,-0.0,0.0,0
0xA9f484902d2905e4d95513C4e7d06CA08211bd4b,MATIC,INZY,0.0,2022-08-16 19:43:24,2022-08-16 13:30:00,2022-08-17 13:00:00,3.51,0.0,0.0,0.0,0.0,9550.06233288948,0.0,0.0,0.0,-0.0,0.0,0
0xA9f484902d2905e4d95513C4e7d06CA08211bd4b,MATIC,LOGC,0.0,2022-08-16 19:43:24,2022-08-16 13:30:00,2022-08-17 13:00:00,0.4111,0.0,0.0,0.0,0.0,9550.06233288948,0.0,0.0,0.0,-0.0,0.0,0
0xA9f484902d2905e4d95513C4e7d06CA08211bd4b,MATIC,LWAY,0.0,2022-08-16 19:43:24,2022-08-16 13:30:00,2022-08-17 13:00:00,6.06,0.0,0.0,0.0,0.0,9550.06233288948,0.0,0.0,0.0,-0.0,0.0,0
0xA9f484902d2905e4d95513C4e7d06CA08211bd4b,MATIC,LYRA,-0.01851851851851852,2022-08-16 19:43:24,2022-08-16 13:30:00,2022-08-17 13:00:00,6.34,-27.894795925018926,0.0,0.0,0.0,9550.06233288948,-176.85300616462,-546.9965822975909,-370.14357613297085,58.38226752885976,-86.27706345387868,0
0xA9f484902d2905e4d95513C4e7d06CA08211bd4b,MATIC,REFR,-0.01851851851851852,2022-08-16 19:43:24,2022-08-16 13:30:00,2022-08-17 13:00:00,2.23,-79.30628079130943,0.0,0.0,0.0,9550.06233288948,-176.85300616462,-546.9965822975909,-370.14357613297085,165.98366642734118,-245.2899472186506,0
0xA9f484902d2905e4d95513C4e7d06CA08211bd4b,MATIC,ECOR,0.0,2022-08-16 19:43:24,2022-08-16 13:30:00,2022-08-17 13:00:00,0.657,0.0,0.0,0.0,0.0,9550.06233288948,0.0,0.0,0.0,-0.0,0.0,0
0xA9f484902d2905e4d95513C4e7d06CA08211bd4b,MATIC,MBCN,0.0,2022-08-16 19:43:24,2022-08-16 13:30:00,2022-08-17 13:00:00,28.18,0.0,0.0,0.0,0.0,9550.06233288948,0.0,0.0,0.0,-0.0,0.0,0
0xA9f484902d2905e4d95513C4e7d06CA08211bd4b,MATIC,STIM,0.0,2022-08-16 19:43:24,2022-08-16 13:30:00,2022-08-17 13:00:00,4.193226,0.0,0.0,0.0,0.0,9550.06233288948,0.0,0.0,0.0,-0.0,0.0,0
0xA9f484902d2905e4d95513C4e7d06CA08211bd4b,MATIC,OKTA,0.0,2022-08-16 19:43:24,2022-08-16 13:30:00,2022-08-17 13:00:00,103.272814,0.0,0.0,0.0,0.0,9550.06233288948,0.0,0.0,0.0,-0.0,0.0,0
0xA9f484902d2905e4d95513C4e7d06CA08211bd4b,MATIC,ETSY,0.0,2022-08-16 19:43:24,2022-08-16 13:30:00,2022-08-17 13:00:00,118.232596,0.0,0.0,0.0,0.0,9550.06233288948,0.0,0.0,0.0,-0.0,0.0,0
0xA9f484902d2905e4d95513C4e7d06CA08211bd4b,MATIC,REAL,0.0,2022-08-16 19:43:24,2022-08-16 13:30:00,2022-08-17 13:00:00,3.155504,0.0,0.0,0.0,0.0,9550.06233288948,0.0,2.2421204448619392e-14,2.2421204448619392e-14,-7.105427357601002e-15,7.105427357601002e-15,0
0xA9f484902d2905e4d95513C4e7d06CA08211bd4b,MATIC,TTOO,0.0,2022-08-16 19:43:24,2022-08-16 13:30:00,2022-08-17 13:00:00,0.148916,0.0,0.0,0.0,0.0,9550.06233288948,0.0,0.0,0.0,-0.0,0.0,0
0xA9f484902d2905e4d95513C4e7d06CA08211bd4b,MATIC,ROKU,0.0,2022-08-16 19:43:24,2022-08-16 13:30:00,2022-08-17 13:00:00,81.576156,0.0,0.0,0.0,0.0,9550.06233288948,0.0,1.8113545330322722e-14,1.8113545330322722e-14,-2.220446049250313e-16,2.220446049250313e-16,0
0xA9f484902d2905e4d95513C4e7d06CA08211bd4b,MATIC,RUBY,0.0,2022-08-16 19:43:24,2022-08-16 13:30:00,2022-08-17 13:00:00,0.7712,0.0,0.0,0.0,0.0,9550.06233288948,0.0,0.0,0.0,-0.0,0.0,0
0xA9f484902d2905e4d95513C4e7d06CA08211bd4b,MATIC,SAL,0.0,2022-08-16 19:43:24,2022-08-16 13:30:00,2022-08-17 13:00:00,23.4,3.552713678800501e-15,0.0,0.0,0.0,9550.06233288948,0.0,-546.996582297591,-546.996582297591,23.375922320409874,-23.37592232040987,0
0xA9f484902d2905e4d95513C4e7d06CA08211bd4b,MATIC,TNXP,0.0,2022-08-16 19:43:24,2022-08-16 13:30:00,2022-08-17 13:00:00,1.458151,0.0,0.0,0.0,0.0,9550.06233288948,0.0,0.0,0.0,-0.0,0.0,0
0xA9f484902d2905e4d95513C4e7d06CA08211bd4b,MATIC,TTD,0.0,2022-08-16 19:43:24,2022-08-16 13:30:00,2022-08-17 13:00:00,71.698231,0.0,0.0,0.0,0.0,9550.06233288948,0.0,0.0,0.0,-0.0,0.0,0
0xA9f484902d2905e4d95513C4e7d06CA08211bd4b,MATIC,VERU,0.0,2022-08-16 19:43:24,2022-08-16 13:30:00,2022-08-17 13:00:00,23.152615,0.0,0.0,0.0,0.0,9550.06233288948,0.0,0.0,0.0,-0.0,0.0,0
0xA9f484902d2905e4d95513C4e7d06CA08211bd4b,MATIC,CFRX,0.0,2022-08-16 19:43:24,2022-08-16 13:30:00,2022-08-17 13:00:00,0.32,0.0,0.0,0.0,0.0,9550.06233288948,0.0,-1.8189894035458565e-14,-1.8189894035458565e-14,5.684341886080802e-14,-5.684341886080802e-14,0
0xA9f484902d2905e4d95513C4e7d06CA08211bd4b,MATIC,IDRA,0.00925925925925926,2022-08-16 19:43:24,2022-08-16 13:30:00,2022-08-17 13:00:00,0.4441,199.11394524276062,0.0,0.0,0.0,9550.06233288948,88.42650308231,273.49829114879543,185.07178806648542,-416.73449238118764,615.8484376239483,0
0xA9f484902d2905e4d95513C4e7d06CA08211bd4b,MATIC,BIOL,-0.01851851851851852,2022-08-16 19:43:24,2022-08-16 13:30:00,2022-08-17 13:00:00,4.98,-35.512651840285145,0.0,0.0,0.0,9550.06233288948,-176.85300616462,-546.9965822975909,-370.14357613297085,74.3260193038094,-109.83867114409455,0
0xA9f484902d2905e4d95513C4e7d06CA08211bd4b,MATIC,CAR,0.00925925925925926,2022-08-16 19:43:24,2022-08-16 13:30:00,2022-08-17 13:00:00,189.218691,0.46732435688559965,0.0,0.0,0.0,9550.06233288948,88.42650308231,0.0,-88.42650308231,0.46732435688559965,0.0,0
0xA9f484902d2905e4d95513C4e7d06CA08211bd4b,MATIC,CDLX,0.00925925925925926,2022-08-16 19:43:24,2022-08-16 13:30:00,2022-08-17 13:00:00,16.947306,5.217732132901242,0.0,0.0,0.0,9550.06233288948,88.42650308231,269.53525450349144,181.10875142118144,-10.686580594059105,15.904312726960347,0
0xA9f484902d2905e4d95513C4e7d06CA08211bd4b,MATIC,GNLN,0.00925925925925926,2022-08-16 19:43:24,2022-08-16 13:30:00,2022-08-17 13:00:00,3.38582,26.116717097279246,0.0,0.0,0.0,9550.06233288948,88.42650308231,0.0,-88.42650308231,26.116717097279246,0.0,0
0xA9f484902d2905e4d95513C4e7d06CA08211bd4b,MATIC,INTU,0.00925925925925926,2022-08-16 19:43:24,2022-08-16 13:30:00,2022-08-17 13:00:00,478.194232,0.1849175443051141,0.0,0.0,0.0,9550.06233288948,88.42650308231,267.8216152871132,179.3951122048032,-0.3751511419418443,0.5600686862469584,0
0xA9f484902d2905e4d95513C4e7d06CA08211bd4b,MATIC,MANT,0.00925925925925926,2022-08-16 19:43:24,2022-08-16 13:30:00,2022-08-17 13:00:00,95.799209,0.9230400125987468,0.0,0.0,0.0,9550.06233288948,88.42650308231,273.30455142713015,184.87804834482014,-1.9298494243811568,2.8528894369799036,0
0xA9f484902d2905e4d95513C4e7d06CA08211bd4b,MATIC,OPEN,0.00925925925925926,2022-08-16 19:43:24,2022-08-16 13:30:00,2022-08-17 13:00:00,5.354376,16.51481014450797,0.0,0.0,0.0,9550.06233288948,88.42650308231,251.8678696105099,163.4413665281999,-30.524820544578844,47.03963068908681,0
0xA9f484902d2905e4d95513C4e7d06CA08211bd4b,MATIC,PLRX,0.0,2022-08-16 19:43:24,2022-08-16 13:30:00,2022-08-17 13:00:00,20.20659,0.0,0.0,0.0,0.0,9550.06233288948,0.0,-3.5894114347456704e-14,-3.5894114347456704e-14,1.7763568394002505e-15,-1.7763568394002505e-15,0
0xA9f484902d2905e4d95513C4e7d06CA08211bd4b,MATIC,ZM,0.0,2022-08-16 19:43:24,2022-08-16 13:30:00,2022-08-17 13:00:00,105.349295,0.0,0.0,0.0,0.0,9550.06233288948,0.0,2.3392242587405576e-14,2.3392242587405576e-14,-2.220446049250313e-16,2.220446049250313e-16,0
0xA9f484902d2905e4d95513C4e7d06CA08211bd4b,MATIC,AVGO,0.00925925925925926,2022-08-16 19:43:24,2022-08-16 13:30:00,2022-08-17 13:00:00,540.72623,0.16353285299718118,0.0,0.0,0.0,9550.06233288948,88.42650308231,266.85473933102304,178.42823624871303,-0.3299788809000685,0.49351173389724967,0
0xA9f484902d2905e4d95513C4e7d06CA08211bd4b,MATIC,RYTM,-0.01851851851851852,2022-08-16 19:43:24,2022-08-16 13:30:00,2022-08-17 13:00:00,24.829766,-7.122620735315025,0.0,0.0,0.0,9550.06233288948,-176.85300616462,0.0,176.85300616462,-7.122620735315025,0.0,0
